"RowID","Date_UTC","Time_UTC","Site","Lat","Long","criterion","model","g","q","MAP_cluster","maximum_cluster_probability","posterior_cluster_1","posterior_cluster_2","contamination_probability","flag_contaminated_0.5"
1,"2017-05-11","18:59","KB75",43.09792,-87.7187,"EDC","MCNFAC",2,2,2,0.999672619036644,0.00032738096335582,0.999672619036644,0.111883220442863,FALSE
2,"2017-05-11","18:59","KB75",43.09792,-87.7187,"EDC","MCNFAC",2,2,2,0.999964465646624,3.55343533761434e-05,0.999964465646624,0.517422734655319,TRUE
3,"2017-05-11","18:59","KB75",43.09792,-87.7187,"EDC","MCNFAC",2,2,2,0.99966238570521,0.000337614294789501,0.99966238570521,0.098430627875442,FALSE
4,"2017-05-11","18:59","KB75",43.09792,-87.7187,"EDC","MCNFAC",2,2,2,0.999348673748184,0.000651326251816079,0.999348673748184,0.507529186958954,TRUE
5,"2017-05-11","18:59","KB75",43.09792,-87.7187,"EDC","MCNFAC",2,2,2,0.999920376618839,7.96233811609633e-05,0.999920376618839,0.120070367908056,FALSE
6,"2017-05-26","18:22","KB75",43.09792,-87.7187,"EDC","MCNFAC",2,2,2,0.990053988428781,0.00994601157121899,0.990053988428781,0.987226687938682,TRUE
7,"2017-05-26","18:22","KB75",43.09792,-87.7187,"EDC","MCNFAC",2,2,2,0.977940077252667,0.0220599227473329,0.977940077252667,0.885605473665737,TRUE
8,"2017-05-26","18:22","KB75",43.09792,-87.7187,"EDC","MCNFAC",2,2,2,0.997088839002883,0.00291116099711667,0.997088839002883,0.741759023623947,TRUE
9,"2017-06-08","14:04","KB75",43.09792,-87.7187,"EDC","MCNFAC",2,2,1,0.999989896247112,0.999989896247112,1.01037528876651e-05,0.00087218155564553,FALSE
10,"2017-06-08","14:04","KB75",43.09792,-87.7187,"EDC","MCNFAC",2,2,1,0.999993847014138,0.999993847014138,6.15298586224493e-06,0.00486600415501696,FALSE
11,"2017-06-08","14:04","KB75",43.09792,-87.7187,"EDC","MCNFAC",2,2,2,0.999417666146575,0.000582333853425015,0.999417666146575,0.990188169845289,TRUE
12,"2017-06-23","14:20","KB75",43.09792,-87.7187,"EDC","MCNFAC",2,2,1,1,1,2.7889244164403e-25,0.0451044792559629,FALSE
13,"2017-06-23","14:20","KB75",43.09792,-87.7187,"EDC","MCNFAC",2,2,1,0.999999999998458,0.999999999998458,1.54173197081648e-12,0.00117667280132176,FALSE
14,"2017-07-11","13:08","KB15",43.09577,-87.86112,"EDC","MCNFAC",2,2,1,1,1,2.87492365386661e-22,0.999999999686242,TRUE
15,"2017-07-11","14:07","KB45",43.09798,-87.78403,"EDC","MCNFAC",2,2,1,0.999999691395229,0.999999691395229,3.08604771725952e-07,0.000712604172408534,FALSE
16,"2017-07-11","14:07","KB45",43.09798,-87.78403,"EDC","MCNFAC",2,2,1,1,1,1.23368910665421e-24,0.000937059122492423,FALSE
17,"2017-07-11","15:19","KB75",43.09792,-87.7187,"EDC","MCNFAC",2,2,2,0.989420728091928,0.0105792719080716,0.989420728091928,0.273546656713188,FALSE
18,"2017-07-11","15:19","KB75",43.09792,-87.7187,"EDC","MCNFAC",2,2,1,0.999999999999075,0.999999999999075,9.25132577359991e-13,0.00230668327968815,FALSE
19,"2017-07-25","14:04","KB75",43.09792,-87.7187,"EDC","MCNFAC",2,2,2,0.988238836514668,0.0117611634853321,0.988238836514668,0.190082158699841,FALSE
20,"2017-07-25","14:04","KB75",43.09792,-87.7187,"EDC","MCNFAC",2,2,1,0.999999999999032,0.999999999999032,9.6845250305744e-13,0.00438725856432607,FALSE
21,"2017-07-25","14:04","KB75",43.09792,-87.7187,"EDC","MCNFAC",2,2,2,0.999804016514422,0.000195983485578401,0.999804016514422,0.264383918974416,FALSE
22,"2017-08-01","15:30","AW55",43.09502,-87.77135,"EDC","MCNFAC",2,2,2,0.994397868979713,0.00560213102028663,0.994397868979713,0.999995843527604,TRUE
23,"2017-08-01","15:30","AW55",43.09502,-87.77135,"EDC","MCNFAC",2,2,2,0.995359287174251,0.00464071282574917,0.995359287174251,0.583267061951329,TRUE
24,"2017-08-01","15:30","AW55",43.09502,-87.77135,"EDC","MCNFAC",2,2,1,0.974795985006117,0.974795985006117,0.0252040149938835,0.0254001943406597,FALSE
25,"2017-08-01","15:30","AW55",43.09502,-87.77135,"EDC","MCNFAC",2,2,1,0.99999706076281,0.99999706076281,2.93923719034664e-06,0.000376538273034657,FALSE
26,"2017-08-01","15:30","AW55",43.09502,-87.77135,"EDC","MCNFAC",2,2,2,0.932742731022914,0.0672572689770862,0.932742731022914,0.325028929501921,FALSE
27,"2017-08-01","15:30","AW55",43.09502,-87.77135,"EDC","MCNFAC",2,2,1,0.711663670406291,0.711663670406291,0.28833632959371,0.288642457690646,FALSE
28,"2017-08-01","15:30","AW55",43.09502,-87.77135,"EDC","MCNFAC",2,2,2,0.99423846573214,0.00576153426786033,0.99423846573214,0.649135188291452,TRUE
29,"2017-08-01","15:30","AW55",43.09502,-87.77135,"EDC","MCNFAC",2,2,2,0.989477178507337,0.0105228214926632,0.989477178507337,0.964277003358828,TRUE
30,"2017-08-01","15:30","AW55",43.09502,-87.77135,"EDC","MCNFAC",2,2,2,0.976706647473831,0.0232933525261685,0.976706647473831,0.978185804453045,TRUE
31,"2017-08-16","14:32","KB75",43.09792,-87.7187,"EDC","MCNFAC",2,2,1,0.994799495000593,0.994799495000593,0.00520050499940731,0.00613523054452104,FALSE
32,"2017-08-16","14:32","KB75",43.09792,-87.7187,"EDC","MCNFAC",2,2,1,0.999999993740113,0.999999993740113,6.25988766372665e-09,0.00709747433884006,FALSE
33,"2017-08-16","14:32","KB75",43.09792,-87.7187,"EDC","MCNFAC",2,2,2,0.999868185470676,0.000131814529323725,0.999868185470676,0.142630853791405,FALSE
34,"2017-08-16","15:45","AW55",43.09502,-87.77135,"EDC","MCNFAC",2,2,2,0.924465687797509,0.0755343122024906,0.924465687797509,0.375189812629357,FALSE
35,"2017-08-16","15:45","AW55",43.09502,-87.77135,"EDC","MCNFAC",2,2,2,0.882848494564447,0.117151505435553,0.882848494564447,0.852701192155562,TRUE
36,"2017-08-16","15:45","AW55",43.09502,-87.77135,"EDC","MCNFAC",2,2,1,1,1,1.22524683279833e-16,0.999999859735028,TRUE
37,"2017-08-16","15:45","AW55",43.09502,-87.77135,"EDC","MCNFAC",2,2,1,0.999999999999067,0.999999999999067,9.32906913955419e-13,0.000686227247251327,FALSE
38,"2017-08-16","15:45","AW55",43.09502,-87.77135,"EDC","MCNFAC",2,2,1,0.999999983638121,0.999999983638121,1.63618793000915e-08,0.00222723311133562,FALSE
39,"2017-08-16","15:45","AW55",43.09502,-87.77135,"EDC","MCNFAC",2,2,2,0.998649321818184,0.00135067818181615,0.998649321818184,0.381097858332969,FALSE
40,"2017-08-16","15:45","AW55",43.09502,-87.77135,"EDC","MCNFAC",2,2,2,0.994237298786583,0.00576270121341715,0.994237298786583,0.908901907275694,TRUE
41,"2017-08-16","15:45","AW55",43.09502,-87.77135,"EDC","MCNFAC",2,2,2,0.998057650035693,0.00194234996430683,0.998057650035693,0.996901473358056,TRUE
42,"2017-08-16","15:45","AW55",43.09502,-87.77135,"EDC","MCNFAC",2,2,2,0.999797906299557,0.000202093700443029,0.999797906299557,0.152511510009604,FALSE
43,"2017-08-16","15:45","AW55",43.09502,-87.77135,"EDC","MCNFAC",2,2,2,0.998711073423566,0.00128892657643408,0.998711073423566,0.200640718198825,FALSE
44,"2017-08-29","14:06","KB75",43.09792,-87.7187,"EDC","MCNFAC",2,2,1,0.99999993839828,0.99999993839828,6.16017201848983e-08,0.000624487016170581,FALSE
45,"2017-08-29","14:06","KB75",43.09792,-87.7187,"EDC","MCNFAC",2,2,1,1,1,1.22286494803221e-32,0.00130963898012582,FALSE
46,"2017-09-12","14:46","KB15",43.09577,-87.86112,"EDC","MCNFAC",2,2,1,1,1,1.01660546378811e-18,0.000646615957301756,FALSE
47,"2017-09-12","15:32","KB45",43.09798,-87.78403,"EDC","MCNFAC",2,2,1,0.999999965583177,0.999999965583177,3.44168221348755e-08,0.00160057949091141,FALSE
48,"2017-09-12","15:32","KB45",43.09798,-87.78403,"EDC","MCNFAC",2,2,2,0.999997710835546,2.28916445419346e-06,0.999997710835546,0.0970315750896314,FALSE
49,"2017-09-12","15:32","KB75",43.09792,-87.7187,"EDC","MCNFAC",2,2,1,0.999982546154086,0.999982546154086,1.74538459141573e-05,9.4273570632924e-05,FALSE
50,"2017-09-12","16:20","KB75",43.09792,-87.7187,"EDC","MCNFAC",2,2,1,0.912648700636979,0.912648700636979,0.0873512993630211,0.0878312111663347,FALSE
51,"2017-09-25","14:00","KB75",43.09792,-87.7187,"EDC","MCNFAC",2,2,1,0.999999999999964,0.999999999999964,3.60903544679442e-14,0.00645874359850573,FALSE
52,"2017-09-25","14:00","KB75",43.09792,-87.7187,"EDC","MCNFAC",2,2,1,0.999999342789797,0.999999342789797,6.5721020382028e-07,0.00529164076183377,FALSE
53,"2017-09-25","14:00","KB75",43.09792,-87.7187,"EDC","MCNFAC",2,2,2,0.998762903005455,0.00123709699454509,0.998762903005455,0.63801078630754,TRUE
54,"2017-10-09","15:00","KB45",43.09798,-87.78403,"EDC","MCNFAC",2,2,1,0.999999674148871,0.999999674148871,3.2585112951283e-07,0.000971357895898312,FALSE
55,"2017-10-09","15:00","KB45",43.09798,-87.78403,"EDC","MCNFAC",2,2,1,0.999999999881796,0.999999999881796,1.18204438047241e-10,0.00306904509945853,FALSE
56,"2017-10-09","16:00","KB75",43.09792,-87.7187,"EDC","MCNFAC",2,2,1,1,1,4.95985175037422e-25,0.00422391358128282,FALSE
57,"2017-10-09","16:00","KB75",43.09792,-87.7187,"EDC","MCNFAC",2,2,1,1,1,6.36612216233569e-19,0.0010556726420502,FALSE
58,"2017-10-23","14:40","KB75",43.09792,-87.7187,"EDC","MCNFAC",2,2,1,1,1,6.19811879780824e-19,0.000495915780494461,FALSE
59,"2017-10-23","14:40","KB75",43.09792,-87.7187,"EDC","MCNFAC",2,2,1,1,1,6.53655910569748e-51,0.00835146718095203,FALSE
60,"2017-11-13","16:00","KB75",43.09792,-87.7187,"EDC","MCNFAC",2,2,1,0.865206998025637,0.865206998025637,0.134793001974363,0.138601745631882,FALSE
61,"2017-11-13","16:00","KB75",43.09792,-87.7187,"EDC","MCNFAC",2,2,2,0.999526559668938,0.000473440331061774,0.999526559668938,0.929923562517542,TRUE
