"component","response","covariate","beta"
1,"SRP","Intercept",7611.68367488422
1,"SRP","Lat",-168.509771869597
1,"SRP","Long",3.97992279534546
1,"TDP","Intercept",4380.41418632329
1,"TDP","Lat",-100.992536479811
1,"TDP","Long",0.302508651696334
1,"PP","Intercept",-17704.5105051424
1,"PP","Lat",372.141056815697
1,"PP","Long",-19.0079598402507
1,"Chl","Intercept",-12062.8987188787
1,"Chl","Lat",260.020912824188
1,"Chl","Long",-9.77649883745806
1,"PC","Intercept",-489938.732650381
1,"PC","Lat",9877.13683282529
1,"PC","Long",-733.732805854714
1,"PN","Intercept",-86361.1467930654
1,"PN","Lat",1803.60617012853
1,"PN","Long",-98.5189947906493
