"RowID","Date_UTC","Time_UTC","Site","Lat","Long","criterion","model","g","q","MAP_cluster","maximum_cluster_probability","posterior_cluster_1","contamination_probability","flag_contaminated_0.5"
1,"2017-05-11","18:59","KB75",43.09792,-87.7187,"BIC","MCNFAC",1,1,1,1,1,0.00381936785516335,FALSE
2,"2017-05-11","18:59","KB75",43.09792,-87.7187,"BIC","MCNFAC",1,1,1,1,1,0.0354110904105656,FALSE
3,"2017-05-11","18:59","KB75",43.09792,-87.7187,"BIC","MCNFAC",1,1,1,1,1,0.0016462690745721,FALSE
4,"2017-05-11","18:59","KB75",43.09792,-87.7187,"BIC","MCNFAC",1,1,1,1,1,0.00871749983561254,FALSE
5,"2017-05-11","18:59","KB75",43.09792,-87.7187,"BIC","MCNFAC",1,1,1,1,1,0.00606220022312765,FALSE
6,"2017-05-26","18:22","KB75",43.09792,-87.7187,"BIC","MCNFAC",1,1,1,1,1,0.0473045652142087,FALSE
7,"2017-05-26","18:22","KB75",43.09792,-87.7187,"BIC","MCNFAC",1,1,1,1,1,0.00727673677965412,FALSE
8,"2017-05-26","18:22","KB75",43.09792,-87.7187,"BIC","MCNFAC",1,1,1,1,1,0.0409769221906023,FALSE
9,"2017-06-08","14:04","KB75",43.09792,-87.7187,"BIC","MCNFAC",1,1,1,1,1,0.00351014656797177,FALSE
10,"2017-06-08","14:04","KB75",43.09792,-87.7187,"BIC","MCNFAC",1,1,1,1,1,0.0612182028349848,FALSE
11,"2017-06-08","14:04","KB75",43.09792,-87.7187,"BIC","MCNFAC",1,1,1,1,1,0.11976769764477,FALSE
12,"2017-06-23","14:20","KB75",43.09792,-87.7187,"BIC","MCNFAC",1,1,1,1,1,0.940425709118921,TRUE
13,"2017-06-23","14:20","KB75",43.09792,-87.7187,"BIC","MCNFAC",1,1,1,1,1,0.0283330464748153,FALSE
14,"2017-07-11","13:08","KB15",43.09577,-87.86112,"BIC","MCNFAC",1,1,1,1,1,0.999999633986775,TRUE
15,"2017-07-11","14:07","KB45",43.09798,-87.78403,"BIC","MCNFAC",1,1,1,1,1,0.010248794390833,FALSE
16,"2017-07-11","14:07","KB45",43.09798,-87.78403,"BIC","MCNFAC",1,1,1,1,1,0.0271065010054957,FALSE
17,"2017-07-11","15:19","KB75",43.09792,-87.7187,"BIC","MCNFAC",1,1,1,1,1,0.00226792759100969,FALSE
18,"2017-07-11","15:19","KB75",43.09792,-87.7187,"BIC","MCNFAC",1,1,1,1,1,0.0481235037813005,FALSE
19,"2017-07-25","14:04","KB75",43.09792,-87.7187,"BIC","MCNFAC",1,1,1,1,1,0.00239705384261979,FALSE
20,"2017-07-25","14:04","KB75",43.09792,-87.7187,"BIC","MCNFAC",1,1,1,1,1,0.109528690152738,FALSE
21,"2017-07-25","14:04","KB75",43.09792,-87.7187,"BIC","MCNFAC",1,1,1,1,1,0.00451609670504838,FALSE
22,"2017-08-01","15:30","AW55",43.09502,-87.77135,"BIC","MCNFAC",1,1,1,1,1,0.960224116244005,TRUE
23,"2017-08-01","15:30","AW55",43.09502,-87.77135,"BIC","MCNFAC",1,1,1,1,1,0.0472512282873917,FALSE
24,"2017-08-01","15:30","AW55",43.09502,-87.77135,"BIC","MCNFAC",1,1,1,1,1,0.00342378708740132,FALSE
25,"2017-08-01","15:30","AW55",43.09502,-87.77135,"BIC","MCNFAC",1,1,1,1,1,0.00956859083935446,FALSE
26,"2017-08-01","15:30","AW55",43.09502,-87.77135,"BIC","MCNFAC",1,1,1,1,1,0.00272416885793236,FALSE
27,"2017-08-01","15:30","AW55",43.09502,-87.77135,"BIC","MCNFAC",1,1,1,1,1,0.0035848275994349,FALSE
28,"2017-08-01","15:30","AW55",43.09502,-87.77135,"BIC","MCNFAC",1,1,1,1,1,0.0068841150996638,FALSE
29,"2017-08-01","15:30","AW55",43.09502,-87.77135,"BIC","MCNFAC",1,1,1,1,1,0.030826186864925,FALSE
30,"2017-08-01","15:30","AW55",43.09502,-87.77135,"BIC","MCNFAC",1,1,1,1,1,0.0137815737679006,FALSE
31,"2017-08-16","14:32","KB75",43.09792,-87.7187,"BIC","MCNFAC",1,1,1,1,1,0.0100598588089327,FALSE
32,"2017-08-16","14:32","KB75",43.09792,-87.7187,"BIC","MCNFAC",1,1,1,1,1,0.927224051426802,TRUE
33,"2017-08-16","14:32","KB75",43.09792,-87.7187,"BIC","MCNFAC",1,1,1,1,1,0.0100554544187146,FALSE
34,"2017-08-16","15:45","AW55",43.09502,-87.77135,"BIC","MCNFAC",1,1,1,1,1,0.0034588715039664,FALSE
35,"2017-08-16","15:45","AW55",43.09502,-87.77135,"BIC","MCNFAC",1,1,1,1,1,0.00543424134861914,FALSE
36,"2017-08-16","15:45","AW55",43.09502,-87.77135,"BIC","MCNFAC",1,1,1,1,1,0.999999085136713,TRUE
37,"2017-08-16","15:45","AW55",43.09502,-87.77135,"BIC","MCNFAC",1,1,1,1,1,0.080593761963054,FALSE
38,"2017-08-16","15:45","AW55",43.09502,-87.77135,"BIC","MCNFAC",1,1,1,1,1,0.0922273900018372,FALSE
39,"2017-08-16","15:45","AW55",43.09502,-87.77135,"BIC","MCNFAC",1,1,1,1,1,0.00211563121766756,FALSE
40,"2017-08-16","15:45","AW55",43.09502,-87.77135,"BIC","MCNFAC",1,1,1,1,1,0.0317038171023194,FALSE
41,"2017-08-16","15:45","AW55",43.09502,-87.77135,"BIC","MCNFAC",1,1,1,1,1,0.0646145154016025,FALSE
42,"2017-08-16","15:45","AW55",43.09502,-87.77135,"BIC","MCNFAC",1,1,1,1,1,0.00407477905841114,FALSE
43,"2017-08-16","15:45","AW55",43.09502,-87.77135,"BIC","MCNFAC",1,1,1,1,1,0.00360528411207295,FALSE
44,"2017-08-29","14:06","KB75",43.09792,-87.7187,"BIC","MCNFAC",1,1,1,1,1,0.00774024978867405,FALSE
45,"2017-08-29","14:06","KB75",43.09792,-87.7187,"BIC","MCNFAC",1,1,1,1,1,0.0501169248807014,FALSE
46,"2017-09-12","14:46","KB15",43.09577,-87.86112,"BIC","MCNFAC",1,1,1,1,1,0.0217072896489263,FALSE
47,"2017-09-12","15:32","KB45",43.09798,-87.78403,"BIC","MCNFAC",1,1,1,1,1,0.0109621098189381,FALSE
48,"2017-09-12","15:32","KB45",43.09798,-87.78403,"BIC","MCNFAC",1,1,1,1,1,0.179721091052988,FALSE
49,"2017-09-12","15:32","KB75",43.09792,-87.7187,"BIC","MCNFAC",1,1,1,1,1,0.00447706575146445,FALSE
50,"2017-09-12","16:20","KB75",43.09792,-87.7187,"BIC","MCNFAC",1,1,1,1,1,0.00223735481608234,FALSE
51,"2017-09-25","14:00","KB75",43.09792,-87.7187,"BIC","MCNFAC",1,1,1,1,1,0.12894079039652,FALSE
52,"2017-09-25","14:00","KB75",43.09792,-87.7187,"BIC","MCNFAC",1,1,1,1,1,0.0214906218226654,FALSE
53,"2017-09-25","14:00","KB75",43.09792,-87.7187,"BIC","MCNFAC",1,1,1,1,1,0.0221239962671016,FALSE
54,"2017-10-09","15:00","KB45",43.09798,-87.78403,"BIC","MCNFAC",1,1,1,1,1,0.0120751891291843,FALSE
55,"2017-10-09","15:00","KB45",43.09798,-87.78403,"BIC","MCNFAC",1,1,1,1,1,0.0887635382803275,FALSE
56,"2017-10-09","16:00","KB75",43.09792,-87.7187,"BIC","MCNFAC",1,1,1,1,1,0.130462404325001,FALSE
57,"2017-10-09","16:00","KB75",43.09792,-87.7187,"BIC","MCNFAC",1,1,1,1,1,0.0194130685146424,FALSE
58,"2017-10-23","14:40","KB75",43.09792,-87.7187,"BIC","MCNFAC",1,1,1,1,1,0.0133261552086869,FALSE
59,"2017-10-23","14:40","KB75",43.09792,-87.7187,"BIC","MCNFAC",1,1,1,1,1,0.336036402122942,FALSE
60,"2017-11-13","16:00","KB75",43.09792,-87.7187,"BIC","MCNFAC",1,1,1,1,1,0.0104400625956528,FALSE
61,"2017-11-13","16:00","KB75",43.09792,-87.7187,"BIC","MCNFAC",1,1,1,1,1,0.0283437505513533,FALSE
