"key","model","g","q","stage","start_id","start_type","terminal_class","converged","admissible","persistent_boundary","iteration","logLik_standardized","logLik","minimum_increment","elapsed_seconds","minimum_required_component_size","min_mixing_proportion","min_effective_component_size","min_MAP_component_size","min_uniqueness","min_covariance_eigenvalue","max_correlation_condition_number","min_contamination_proportion","max_contamination_proportion","min_inflation_factor","max_inflation_factor","diagnostic_reason","error"
"MFAC_g4_q1","MFAC",4,1,"screen",1,"kmeans_50","iteration_limit_nonregular",FALSE,FALSE,FALSE,250,-205.536448329792,-517.502320936576,0.0096282970452819,134.279999999999,7,0.0655737704388644,3.99999999678213,4,1e-04,9.99999997924502e-05,59561962.4718165,NA,NA,NA,NA,"effective component size < 7; MAP component size < 7; uniqueness at numerical floor",""
"MFAC_g4_q1","MFAC",4,1,"screen",2,"kmeans_random_centers_1","iteration_limit_nonregular",FALSE,FALSE,FALSE,250,-205.536474725184,-517.502347331969,0.00962890361631707,139.529999999999,7,0.065573770438864,3.99999999678211,4,1e-04,9.99999998243261e-05,59562748.6650789,NA,NA,NA,NA,"effective component size < 7; MAP component size < 7; uniqueness at numerical floor",""
"MFAC_g4_q1","MFAC",4,1,"screen",3,"kmeans_random_centers_2","iteration_limit_nonregular",FALSE,FALSE,FALSE,250,-205.536321059994,-517.502193666779,0.009622619737371,141.339999999997,7,0.0655737704388661,3.99999999678224,4,1e-04,9.99999997909202e-05,59558169.5807345,NA,NA,NA,NA,"effective component size < 7; MAP component size < 7; uniqueness at numerical floor",""
"MFAC_g4_q1","MFAC",4,1,"screen",4,"kmeans_random_centers_3","iteration_limit_nonregular",FALSE,FALSE,FALSE,250,-202.089423229779,-514.055295836563,0.000922973814908801,139.529999999999,7,0.0982146323917956,5.9910891570761,6,1e-04,0.000308633448995551,5438.38600663071,NA,NA,NA,NA,"effective component size < 7; MAP component size < 7; uniqueness at numerical floor",""
"MFAC_g4_q1","MFAC",4,1,"screen",5,"kmeans_random_centers_4","iteration_limit_nonregular",FALSE,FALSE,FALSE,250,-229.503390509615,-541.4692631164,0.00503923949068508,143.580000000016,7,0.0819672375059991,5.00000146823485,5,1e-04,9.99999999999668e-05,4068.66080539346,NA,NA,NA,NA,"effective component size < 7; MAP component size < 7; uniqueness at numerical floor",""
"MFAC_g4_q1","MFAC",4,1,"screen",6,"hierarchical_ward","iteration_limit_nonregular",FALSE,FALSE,FALSE,250,-188.098340780515,-500.0642133873,0.00807726736618974,142.859999999986,7,0.0491803278688524,3,3,1e-04,1e-04,1018.81555447632,NA,NA,NA,NA,"effective component size < 7; MAP component size < 7; uniqueness at numerical floor",""
"MFAC_g4_q1","MFAC",4,1,"screen",7,"hierarchical_complete","iteration_limit_nonregular",FALSE,FALSE,FALSE,250,-191.071821728087,-503.037694334872,0.000677034665585552,144.779999999999,7,0.065573732398956,3.99999767642866,4,1e-04,9.99999999999109e-05,92628.4915762733,NA,NA,NA,NA,"effective component size < 7; MAP component size < 7; uniqueness at numerical floor",""
"MFAC_g4_q1","MFAC",4,1,"screen",8,"balanced_random_1","iteration_limit_regular",FALSE,TRUE,FALSE,250,-215.850924418483,-527.816797025267,0.012941476462629,144,7,0.182492270980691,11.1320368539416,11,0.000622522318834371,0.000924103879320154,1332.03352183325,NA,NA,NA,NA,"none",""
"MFAC_g4_q1","MFAC",4,1,"screen",9,"balanced_random_2","iteration_limit_nonregular",FALSE,FALSE,FALSE,250,-218.802595819212,-530.768468425997,0.000733379153274427,144.959999999992,7,0.0816703435324249,4.98189205332966,5,1e-04,9.99999999999925e-05,5962.2454033687,NA,NA,NA,NA,"effective component size < 7; MAP component size < 7; uniqueness at numerical floor",""
"MFAC_g4_q1","MFAC",4,1,"screen",10,"balanced_random_3","iteration_limit_nonregular",FALSE,FALSE,FALSE,250,-203.672254299464,-515.638126906249,0.0112217047363004,141.899999999994,7,0.147409694686329,8.99199917649036,9,1e-04,0.000100000000000031,42627.3891724918,NA,NA,NA,NA,"uniqueness at numerical floor",""
"MFAC_g4_q1","MFAC",4,1,"screen",11,"balanced_random_4","iteration_limit_nonregular",FALSE,FALSE,FALSE,250,-219.721375965885,-531.68724857267,0.000598703112160592,141.910000000003,7,0.164786353807256,10.0519917294711,10,1e-04,0.00349684631038098,1352.35631299027,NA,NA,NA,NA,"uniqueness at numerical floor",""
"MFAC_g4_q1","MFAC",4,1,"screen",12,"balanced_random_5","iteration_limit_regular",FALSE,TRUE,FALSE,250,-217.713474108216,-529.679346715,0.00131268780532423,141.700000000012,7,0.131871877562055,8.04419545565584,8,0.00162716736422264,0.00592573632794176,598.464644471797,NA,NA,NA,NA,"none",""
"MFAC_g4_q1","MFAC",4,1,"continuation",6,"hierarchical_ward","persistent_boundary",FALSE,FALSE,TRUE,750,-181.010324014592,-492.976196621376,0.000697401467334657,281.660000000003,7,0.0491803278688524,3,3,1e-04,1e-04,3138.32366159787,NA,NA,NA,NA,"effective component size < 7; MAP component size < 7; uniqueness at numerical floor",""
"MFAC_g4_q1","MFAC",4,1,"continuation",8,"balanced_random_1","converged_nonregular",TRUE,FALSE,FALSE,1700,-211.250023760802,-523.215896367587,0.000209690299840304,860.359999999986,7,0.182307091500606,11.120739010376,11,1e-04,0.000100081849881175,8741.14780306999,NA,NA,NA,NA,"uniqueness at numerical floor",""
"MFAC_g4_q1","MFAC",4,1,"continuation",7,"hierarchical_complete","persistent_boundary",FALSE,FALSE,TRUE,750,-190.753378793237,-502.719251400021,0.000599472890002062,291.359999999986,7,0.0655737329824664,3.99999771198136,4,1e-04,9.99999999999252e-05,92951.3319844967,NA,NA,NA,NA,"effective component size < 7; MAP component size < 7; uniqueness at numerical floor",""
"MCNFAC_g4_q1","MCNFAC",4,1,"screen",1,"kmeans_50","iteration_limit_nonregular",FALSE,FALSE,FALSE,250,-151.934558910392,-463.900431517177,0.0128904664925926,148,7,0.0655737704286521,3.99999999614439,4,1e-04,9.99999998874167e-05,59533255.418778,0.00448551996104142,0.606759134313635,1.0001,1000,"effective component size < 7; MAP component size < 7; uniqueness at numerical floor; inflation factor at numerical boundary",""
"MCNFAC_g4_q1","MCNFAC",4,1,"screen",2,"kmeans_random_centers_1","iteration_limit_nonregular",FALSE,FALSE,FALSE,250,-151.950099165445,-463.915971772229,0.0125787949809251,150.899999999994,7,0.0655737704283694,3.99999999612736,4,1e-04,9.9999999900778e-05,58686312.0348719,0.00124686491449351,0.616232142505437,1.0001,1000,"effective component size < 7; MAP component size < 7; uniqueness at numerical floor; inflation factor at numerical boundary",""
"MCNFAC_g4_q1","MCNFAC",4,1,"screen",3,"kmeans_random_centers_2","iteration_limit_nonregular",FALSE,FALSE,FALSE,250,-173.171613937775,-485.137486544559,0.00268682484960436,146.279999999999,7,0.0491803277943048,2.9999999955788,3,1e-04,9.99999998519175e-05,56695169.5069407,1e-05,0.637231145826867,1.0001,1000,"effective component size < 7; MAP component size < 7; uniqueness at numerical floor; contamination proportion at numerical boundary; inflation factor at numerical boundary",""
"MCNFAC_g4_q1","MCNFAC",4,1,"screen",4,"kmeans_random_centers_3","iteration_limit_nonregular",FALSE,FALSE,FALSE,250,-205.10147700144,-517.067349608225,0.00584893567031486,151.220000000001,7,0.0807313988929444,4.92434416006816,5,1e-04,9.99999999998951e-05,37045.4456294139,1e-05,0.794342980001063,1.0001,13.8205590582282,"effective component size < 7; MAP component size < 7; uniqueness at numerical floor; contamination proportion at numerical boundary; inflation factor at numerical boundary",""
"MCNFAC_g4_q1","MCNFAC",4,1,"screen",5,"kmeans_random_centers_4","iteration_limit_nonregular",FALSE,FALSE,FALSE,250,-210.728547375908,-522.694419982692,0.000443174379284983,146.089999999997,7,0.081898779712424,4.99582566424819,5,1e-04,9.99999999999488e-05,164515.903448605,0.0104626673645275,0.0461493844553558,1.0001,1.0001,"effective component size < 7; MAP component size < 7; uniqueness at numerical floor; inflation factor at numerical boundary",""
"MCNFAC_g4_q1","MCNFAC",4,1,"screen",6,"hierarchical_ward","iteration_limit_nonregular",FALSE,FALSE,FALSE,250,-132.997200536693,-444.963073143477,0.0116314987234887,149.279999999999,7,0.0491803278688511,2.99999999999992,3,1e-04,9.99999999999999e-05,29277.5709025932,0.0008948807313414,0.600179677323773,1.0001,1000,"effective component size < 7; MAP component size < 7; uniqueness at numerical floor; inflation factor at numerical boundary",""
"MCNFAC_g4_q1","MCNFAC",4,1,"screen",7,"hierarchical_complete","iteration_limit_nonregular",FALSE,FALSE,FALSE,250,-123.506591293663,-435.472463900447,0.00012628248872204,145,7,0.0491803278688512,2.99999999999992,3,1e-04,9.99999999997774e-05,101611.908338311,1e-05,0.126202598520953,1.0001,6.65671681886558,"effective component size < 7; MAP component size < 7; uniqueness at numerical floor; contamination proportion at numerical boundary; inflation factor at numerical boundary",""
"MCNFAC_g4_q1","MCNFAC",4,1,"screen",8,"balanced_random_1","iteration_limit_nonregular",FALSE,FALSE,FALSE,250,-191.455493739325,-503.421366346109,0.000534300651793274,148.829999999987,7,0.131547403784464,8.02438931726357,8,1e-04,0.000100000000000031,4255.32761090843,5.86772770090825e-05,0.000293523229775336,1.0001,1.0244589460158,"uniqueness at numerical floor; inflation factor at numerical boundary",""
"MCNFAC_g4_q1","MCNFAC",4,1,"screen",9,"balanced_random_2","iteration_limit_nonregular",FALSE,FALSE,FALSE,250,-194.469763248951,-506.435635855735,0.0010163789527553,153.770000000019,7,0.0983518200213753,5.99946108027133,6,1e-04,9.9999999999737e-05,81970.5918609603,0.0072101254580849,0.19187771951955,1.0001,15.3703088066127,"effective component size < 7; MAP component size < 7; uniqueness at numerical floor; inflation factor at numerical boundary",""
"MCNFAC_g4_q1","MCNFAC",4,1,"screen",10,"balanced_random_3","iteration_limit_nonregular",FALSE,FALSE,FALSE,250,-194.959843789636,-506.92571639642,0.00104524300851949,148.319999999978,7,0.148536096111511,9.06069207643348,9,0.000287948079663579,0.00695719321599391,521.003803596886,0.000922365524375356,0.1660389493687,1.0001,8.76662095840396,"inflation factor at numerical boundary",""
"MCNFAC_g4_q1","MCNFAC",4,1,"screen",11,"balanced_random_4","iteration_limit_nonregular",FALSE,FALSE,FALSE,250,-185.510197190782,-497.476069797566,0.00776795928115348,150.330000000016,7,0.143800978086099,8.77163679642428,9,1e-04,9.9999999999771e-05,24868.0210667653,1.62709648639357e-05,0.185051299335705,1.0001,3.69374089180129,"uniqueness at numerical floor; inflation factor at numerical boundary",""
"MCNFAC_g4_q1","MCNFAC",4,1,"screen",12,"balanced_random_5","iteration_limit_nonregular",FALSE,FALSE,FALSE,250,-197.927398652353,-509.893271259138,0.000457797311327113,152.970000000001,7,0.0817228649964037,4.98509523323161,5,1e-04,9.99999999998878e-05,50145.8848123859,1.8029470775277e-05,0.176094461012612,1.0001,3.92101289727271,"effective component size < 7; MAP component size < 7; uniqueness at numerical floor; inflation factor at numerical boundary",""
"MCNFAC_g4_q1","MCNFAC",4,1,"continuation",7,"hierarchical_complete","converged_nonregular",TRUE,FALSE,FALSE,259,-123.505473903724,-435.471346510509,0.000122526621566976,8.19000000000233,7,0.0491803278688512,2.99999999999992,3,1e-04,9.99999999997257e-05,101635.130210503,1e-05,0.126220762307668,1.0001,6.65444967246694,"effective component size < 7; MAP component size < 7; uniqueness at numerical floor; contamination proportion at numerical boundary; inflation factor at numerical boundary",""
"MCNFAC_g4_q1","MCNFAC",4,1,"continuation",10,"balanced_random_3","converged_nonregular",TRUE,FALSE,FALSE,793,-194.727496704437,-506.693369311221,0.000183556656253359,316.410000000003,7,0.148512802751808,9.05927981694428,9,1e-04,0.00695962226934322,490.688046087427,0.000922363852842198,0.173284318027374,1.0001,8.74629735640152,"uniqueness at numerical floor; inflation factor at numerical boundary",""
"MCNFAC_g4_q1","MCNFAC",4,1,"continuation",6,"hierarchical_ward","persistent_boundary",FALSE,FALSE,TRUE,750,-124.388669004398,-436.354541611182,0.000217838018016892,290.729999999981,7,0.0491803278688349,2.99999999999893,3,1e-04,9.99999999999957e-05,52311.6051310619,1e-05,0.487785738727234,1.0001,1000,"effective component size < 7; MAP component size < 7; uniqueness at numerical floor; contamination proportion at numerical boundary; inflation factor at numerical boundary",""
"MFAC_g3_q2","MFAC",3,2,"screen",1,"kmeans_50","iteration_limit_nonregular",FALSE,FALSE,FALSE,250,-201.837104581708,-513.802977188492,0.000635377837170381,107.940000000002,7,0.0819672131147537,4.99999999999997,5,1e-04,9.99999999990201e-05,97452.5208997769,NA,NA,NA,NA,"effective component size < 7; MAP component size < 7; uniqueness at numerical floor",""
"MFAC_g3_q2","MFAC",3,2,"screen",2,"kmeans_random_centers_1","iteration_limit_regular",FALSE,TRUE,FALSE,250,-263.16146104764,-575.127333654424,0.00390002014842139,107.140000000014,7,0.198505118454206,12.1088390914258,12,0.000587122562207647,0.00954363362174461,24.5552482906913,NA,NA,NA,NA,"none",""
"MFAC_g3_q2","MFAC",3,2,"screen",3,"kmeans_random_centers_2","iteration_limit_nonregular",FALSE,FALSE,FALSE,250,-228.33332079853,-540.299193405314,0.000291469268461242,107.309999999998,7,0.0983610687953299,6.00002519933453,6,1e-04,9.99999999990605e-05,47179.2748778984,NA,NA,NA,NA,"effective component size < 7; MAP component size < 7; uniqueness at numerical floor",""
"MFAC_g3_q2","MFAC",3,2,"screen",4,"kmeans_random_centers_3","iteration_limit_regular",FALSE,TRUE,FALSE,250,-263.161462183345,-575.12733479013,0.00390006007108923,112.550000000017,7,0.19850510256945,12.1088401398806,12,0.000587122585950769,0.00954363427155357,24.5552485882202,NA,NA,NA,NA,"none",""
"MFAC_g3_q2","MFAC",3,2,"screen",5,"kmeans_random_centers_4","iteration_limit_nonregular",FALSE,FALSE,FALSE,250,-201.837104440131,-513.802977046916,0.00063537625050003,110.809999999998,7,0.0819672131147537,4.99999999999997,5,1e-04,9.99999999990883e-05,97452.5209083074,NA,NA,NA,NA,"effective component size < 7; MAP component size < 7; uniqueness at numerical floor",""
"MFAC_g3_q2","MFAC",3,2,"screen",6,"hierarchical_ward","iteration_limit_nonregular",FALSE,FALSE,FALSE,250,-203.847319156586,-515.81319176337,0.00160608339459145,107.51999999999,7,0.0819672131147056,4.99999999999706,5,1e-04,9.9999999997539e-05,958119.322044722,NA,NA,NA,NA,"effective component size < 7; MAP component size < 7; uniqueness at numerical floor",""
"MFAC_g3_q2","MFAC",3,2,"screen",7,"hierarchical_complete","iteration_limit_nonregular",FALSE,FALSE,FALSE,250,-219.046953800896,-531.012826407681,0.00990314465994402,112.529999999999,7,0.0655737704853137,3.99999999960417,4,1e-04,9.99999999988199e-05,223475.116650921,NA,NA,NA,NA,"effective component size < 7; MAP component size < 7; uniqueness at numerical floor",""
"MFAC_g3_q2","MFAC",3,2,"screen",8,"balanced_random_1","iteration_limit_regular",FALSE,TRUE,FALSE,250,-226.358351612232,-538.324224219017,0.00138359102177787,115.640000000014,7,0.244873208820427,14.937249036363,15,0.000289076164755458,0.00752732733178698,359.994499259663,NA,NA,NA,NA,"none",""
"MFAC_g3_q2","MFAC",3,2,"screen",9,"balanced_random_2","iteration_limit_nonregular",FALSE,FALSE,FALSE,250,-241.77769832008,-553.743570926864,0.00207658209214401,114.449999999983,7,0.292346372212603,17.8331024522241,18,1e-04,0.000157155311464037,16004.2747461921,NA,NA,NA,NA,"uniqueness at numerical floor",""
"MFAC_g3_q2","MFAC",3,2,"screen",10,"balanced_random_3","iteration_limit_regular",FALSE,TRUE,FALSE,250,-224.312292130723,-536.278164737507,0.00637128982913282,117.449999999983,7,0.196965858233791,12.0149223065911,12,0.000194190854248364,0.00187919991928873,1096.05244879697,NA,NA,NA,NA,"none",""
"MFAC_g3_q2","MFAC",3,2,"screen",11,"balanced_random_4","iteration_limit_regular",FALSE,TRUE,FALSE,250,-228.080493529263,-540.046366136048,0.00137414155051374,115.420000000013,7,0.215616883841512,13.1517911712685,13,0.00025503799919075,0.00121594664339933,2549.75018913334,NA,NA,NA,NA,"none",""
"MFAC_g3_q2","MFAC",3,2,"screen",12,"balanced_random_5","iteration_limit_nonregular",FALSE,FALSE,FALSE,250,-241.1521704707,-553.118043077484,0.00234389011470171,114.559999999998,7,0.131124602146154,7.99859711221011,8,1e-04,0.000103743840844071,2416.8174500888,NA,NA,NA,NA,"uniqueness at numerical floor",""
"MFAC_g3_q2","MFAC",3,2,"continuation",5,"kmeans_random_centers_4","numerical_failure",FALSE,FALSE,FALSE,250,NA,NA,-0.000635599796623865,218.140000000014,NA,NA,NA,NA,NA,NA,NA,NA,NA,NA,NA,NA,"Log-likelihood decreased by -6.355998e-04 at iteration 724."
"MFAC_g3_q2","MFAC",3,2,"continuation",10,"balanced_random_3","converged_nonregular",TRUE,FALSE,FALSE,640,-223.866632891899,-535.832505498683,0.000222519855441305,184.079999999987,7,0.196975712507968,12.0155195597856,12,1e-04,0.00186661519119159,1056.80398300672,NA,NA,NA,NA,"uniqueness at numerical floor",""
"MFAC_g3_q2","MFAC",3,2,"continuation",9,"balanced_random_2","converged_nonregular",TRUE,FALSE,FALSE,1143,-240.471513571134,-552.437386177919,0.000238367671641981,420.080000000016,7,0.292462298194364,17.8402174390766,18,1e-04,0.000111366973177107,20813.9331816179,NA,NA,NA,NA,"uniqueness at numerical floor",""
"MCNFAC_g3_q2","MCNFAC",3,2,"screen",1,"kmeans_50","iteration_limit_nonregular",FALSE,FALSE,FALSE,250,-195.560910786129,-507.526783392914,0.000648665525034176,117.220000000001,7,0.0819672131147459,4.9999999999995,5,1e-04,9.99999999986894e-05,97368.8304893939,0.00513841966444861,0.642180016493427,1.0001,5.97335625090368,"effective component size < 7; MAP component size < 7; uniqueness at numerical floor; inflation factor at numerical boundary",""
"MCNFAC_g3_q2","MCNFAC",3,2,"screen",2,"kmeans_random_centers_1","iteration_limit_nonregular",FALSE,FALSE,FALSE,250,-248.664137238526,-560.63000984531,0.00282957022210439,116.710000000021,7,0.181960629071619,11.0996320317274,11,0.000544553706639118,0.00385066133921474,126.537260771951,0.00417645478644254,0.99999,1.0001,12.6097605841139,"contamination proportion at numerical boundary; inflation factor at numerical boundary",""
"MCNFAC_g3_q2","MCNFAC",3,2,"screen",3,"kmeans_random_centers_2","iteration_limit_nonregular",FALSE,FALSE,FALSE,250,-195.557283823981,-507.523156430765,0.000643871198747092,115.709999999992,7,0.0819672131147458,4.9999999999995,5,1e-04,9.99999999998501e-05,96849.259115265,2.93788275959939e-05,0.642194903577818,1.0001,5.97526552950068,"effective component size < 7; MAP component size < 7; uniqueness at numerical floor; inflation factor at numerical boundary",""
"MCNFAC_g3_q2","MCNFAC",3,2,"screen",4,"kmeans_random_centers_3","iteration_limit_nonregular",FALSE,FALSE,FALSE,250,-242.816134306919,-554.782006913704,0.00638362708718887,107.630000000005,7,0.0976904749972887,5.95915210097443,6,1e-04,9.99999999997712e-05,108390.123151863,7.96311505119192e-05,0.0609317515904049,1.0001,9.20671400612855,"effective component size < 7; MAP component size < 7; uniqueness at numerical floor; inflation factor at numerical boundary",""
"MCNFAC_g3_q2","MCNFAC",3,2,"screen",5,"kmeans_random_centers_4","iteration_limit_nonregular",FALSE,FALSE,FALSE,250,-195.560910664361,-507.526783271145,0.000648664710183766,108.110000000015,7,0.0819672131147459,4.9999999999995,5,1e-04,9.99999999999704e-05,97368.8304862439,0.00513841966452868,0.642179868032109,1.0001,5.97335856559723,"effective component size < 7; MAP component size < 7; uniqueness at numerical floor; inflation factor at numerical boundary",""
"MCNFAC_g3_q2","MCNFAC",3,2,"screen",6,"hierarchical_ward","iteration_limit_nonregular",FALSE,FALSE,FALSE,250,-213.644705066045,-525.61057767283,0.00756138450304888,126.699999999983,7,0.079537944357917,4.85180787491403,5,1e-04,9.99999999984212e-05,946157.299535812,0.00137458209643202,0.0926321599657004,1.0001,8.6080078740848,"effective component size < 7; MAP component size < 7; uniqueness at numerical floor; inflation factor at numerical boundary",""
"MCNFAC_g3_q2","MCNFAC",3,2,"screen",7,"hierarchical_complete","iteration_limit_nonregular",FALSE,FALSE,FALSE,250,-207.610942704006,-519.57681531079,0.000928625105075298,107.550000000017,7,0.0655737704855189,3.99999999961755,4,1e-04,9.99999999986341e-05,228545.503514843,2.25214559330667e-05,0.585187406074688,1.0001,4.87346590092846,"effective component size < 7; MAP component size < 7; uniqueness at numerical floor; inflation factor at numerical boundary",""
"MCNFAC_g3_q2","MCNFAC",3,2,"screen",8,"balanced_random_1","iteration_limit_nonregular",FALSE,FALSE,FALSE,250,-223.557220804874,-535.523093411658,0.00559227999823975,110.529999999999,7,0.226299146310081,13.8042450808586,14,1e-04,0.000126960039131428,81292.4501984313,0.000433298145237318,0.261839777855399,1.0001,7.93919840012089,"uniqueness at numerical floor; inflation factor at numerical boundary",""
"MCNFAC_g3_q2","MCNFAC",3,2,"screen",9,"balanced_random_2","iteration_limit_nonregular",FALSE,FALSE,FALSE,250,-226.242062095768,-538.207934702552,0.0359880591792603,109.619999999995,7,0.245716518343669,14.9901325036373,15,0.000112934819898335,0.000219231968867848,15599.7618688162,0.012760795429871,0.452025593584551,1.0001,4.56291976928539,"inflation factor at numerical boundary",""
"MCNFAC_g3_q2","MCNFAC",3,2,"screen",10,"balanced_random_3","iteration_limit_nonregular",FALSE,FALSE,FALSE,250,-247.400505748937,-559.366378355722,0.00302177491360567,110.01999999999,7,0.191831287847439,11.7018302227954,12,0.000396099996213512,0.0112548453692377,238.878302817569,1.6021012396677e-05,0.0427401738123294,1.0001,6.70680938494804,"inflation factor at numerical boundary",""
"MCNFAC_g3_q2","MCNFAC",3,2,"screen",11,"balanced_random_4","iteration_limit_nonregular",FALSE,FALSE,FALSE,250,-224.969484136255,-536.93535674304,0.00545671724077579,110.630000000005,7,0.226922373140222,13.8422078146681,14,1e-04,9.99999999995308e-05,32616.1434844611,0.00378370372456407,0.250347025111034,1.0001,4.52508600548438,"uniqueness at numerical floor; inflation factor at numerical boundary",""
"MCNFAC_g3_q2","MCNFAC",3,2,"screen",12,"balanced_random_5","iteration_limit_nonregular",FALSE,FALSE,FALSE,250,-240.248436113412,-552.214308720196,0.00824323203474364,112.619999999995,7,0.265200523128595,16.1772637079486,16,0.000660878049063292,0.0037579863816027,690.241160640812,0.000193512390584127,0.652369298090854,1.0001,1.26423702643859,"inflation factor at numerical boundary",""
"MCNFAC_g3_q2","MCNFAC",3,2,"continuation",3,"kmeans_random_centers_2","persistent_boundary",FALSE,FALSE,TRUE,750,-195.353591466003,-507.319464072788,0.000348121576678295,215.420000000013,7,0.0819672131147461,4.99999999999951,5,1e-04,9.99999999995936e-05,93940.8648081613,2.62241120657647e-05,0.640990243143856,1.0001,5.92483830688653,"effective component size < 7; MAP component size < 7; uniqueness at numerical floor; inflation factor at numerical boundary",""
"MCNFAC_g3_q2","MCNFAC",3,2,"continuation",12,"balanced_random_5","numerical_failure",FALSE,FALSE,FALSE,250,NA,NA,-0.0906354031904755,47.2999999999884,NA,NA,NA,NA,NA,NA,NA,NA,NA,NA,NA,NA,"Log-likelihood decreased by -9.063540e-02 at iteration 357."
"MCNFAC_g3_q2","MCNFAC",3,2,"continuation",5,"kmeans_random_centers_4","persistent_boundary",FALSE,FALSE,TRUE,750,-195.356899475185,-507.32277208197,0.000346723678319449,214.940000000002,7,0.0819672131147462,4.99999999999952,5,1e-04,9.99999999993147e-05,94336.191248109,0.00458858994408262,0.64128513459592,1.0001,5.93487716821452,"effective component size < 7; MAP component size < 7; uniqueness at numerical floor; inflation factor at numerical boundary",""
"MFAC_g4_q2","MFAC",4,2,"screen",1,"kmeans_50","iteration_limit_nonregular",FALSE,FALSE,FALSE,250,-159.67672485916,-471.642597465944,0.00477746478020435,140.160000000003,7,0.0655737704917986,3.99999999999971,4,1e-04,9.99999999990111e-05,136489.239041352,NA,NA,NA,NA,"effective component size < 7; MAP component size < 7; uniqueness at numerical floor",""
"MFAC_g4_q2","MFAC",4,2,"screen",2,"kmeans_random_centers_1","iteration_limit_nonregular",FALSE,FALSE,FALSE,250,-159.676724830548,-471.642597437333,0.00477746545519153,139.410000000003,7,0.0655737704917986,3.99999999999971,4,1e-04,9.99999999995903e-05,136489.23904534,NA,NA,NA,NA,"effective component size < 7; MAP component size < 7; uniqueness at numerical floor",""
"MFAC_g4_q2","MFAC",4,2,"screen",3,"kmeans_random_centers_2","iteration_limit_nonregular",FALSE,FALSE,FALSE,250,-159.841536176048,-471.807408782833,0.00119070453982317,141.369999999995,7,0.0819672131146591,4.99999999999421,5,1e-04,9.9999999999595e-05,96591.8672877108,NA,NA,NA,NA,"effective component size < 7; MAP component size < 7; uniqueness at numerical floor",""
"MFAC_g4_q2","MFAC",4,2,"screen",4,"kmeans_random_centers_3","iteration_limit_nonregular",FALSE,FALSE,FALSE,250,-159.67672494816,-471.642597554944,0.00477746706494031,138.970000000001,7,0.0655737704917986,3.99999999999971,4,1e-04,9.99999999996076e-05,136489.239029416,NA,NA,NA,NA,"effective component size < 7; MAP component size < 7; uniqueness at numerical floor",""
"MFAC_g4_q2","MFAC",4,2,"screen",5,"kmeans_random_centers_4","iteration_limit_regular",FALSE,TRUE,FALSE,250,-248.802056862888,-560.767929469672,0.00605368666268191,140.450000000012,7,0.115213102986178,7.02799544950273,7,0.000100093938633079,0.0094619021658182,53.3108686468179,NA,NA,NA,NA,"none",""
"MFAC_g4_q2","MFAC",4,2,"screen",6,"hierarchical_ward","iteration_limit_nonregular",FALSE,FALSE,FALSE,250,-122.551804027747,-434.517676634531,0.000964611867203757,137.199999999983,7,0.04918032786885,2.99999999999984,3,1e-04,9.99999999971483e-05,956935.445361727,NA,NA,NA,NA,"effective component size < 7; MAP component size < 7; uniqueness at numerical floor",""
"MFAC_g4_q2","MFAC",4,2,"screen",7,"hierarchical_complete","iteration_limit_nonregular",FALSE,FALSE,FALSE,250,-149.382315316616,-461.3481879234,0.0116062186432941,184.520000000019,7,0.0655737704915941,3.99999999998724,4,1e-04,9.99999999967032e-05,225709.747848532,NA,NA,NA,NA,"effective component size < 7; MAP component size < 7; uniqueness at numerical floor",""
"MFAC_g4_q2","MFAC",4,2,"screen",8,"balanced_random_1","iteration_limit_nonregular",FALSE,FALSE,FALSE,250,-188.640279132787,-500.606151739572,0.00284905732723928,301.510000000009,7,0.188966148560146,11.5268869459477,12,1e-04,0.00010000000000038,89137.5935046375,NA,NA,NA,NA,"uniqueness at numerical floor",""
"MFAC_g4_q2","MFAC",4,2,"screen",9,"balanced_random_2","iteration_limit_nonregular",FALSE,FALSE,FALSE,250,-204.878346994695,-516.84421960148,0.00362052949006397,304.649999999994,7,0.162747527597687,9.92760876777887,10,1e-04,0.000101635949841627,62975.7306655232,NA,NA,NA,NA,"uniqueness at numerical floor",""
"MFAC_g4_q2","MFAC",4,2,"screen",10,"balanced_random_3","iteration_limit_nonregular",FALSE,FALSE,FALSE,250,-188.820134156639,-500.786006763424,0.00559169112435143,298.470000000001,7,0.129951854720885,7.92704901501245,8,1e-04,9.99999999999826e-05,81464.1116517848,NA,NA,NA,NA,"uniqueness at numerical floor",""
"MFAC_g4_q2","MFAC",4,2,"screen",11,"balanced_random_4","iteration_limit_nonregular",FALSE,FALSE,FALSE,250,-178.689816468508,-490.655689075292,0.0187886116436857,264.039999999979,7,0.162355097443304,9.90347014817095,10,1e-04,9.99999999999417e-05,28447.327696648,NA,NA,NA,NA,"uniqueness at numerical floor",""
"MFAC_g4_q2","MFAC",4,2,"screen",12,"balanced_random_5","iteration_limit_nonregular",FALSE,FALSE,FALSE,250,-182.997090740649,-494.962963347433,0.013701251486026,137.660000000003,7,0.179568865061968,10.9537158076288,11,1e-04,0.000102049226726426,17684.0056590089,NA,NA,NA,NA,"uniqueness at numerical floor",""
"MFAC_g4_q2","MFAC",4,2,"continuation",6,"hierarchical_ward","persistent_boundary",FALSE,FALSE,TRUE,750,-122.280258281316,-434.2461308881,0.000363517626439602,274.160000000003,7,0.0491803278688498,2.99999999999984,3,1e-04,9.99999999985324e-05,891054.524113127,NA,NA,NA,NA,"effective component size < 7; MAP component size < 7; uniqueness at numerical floor",""
"MFAC_g4_q2","MFAC",4,2,"continuation",5,"kmeans_random_centers_4","persistent_boundary",FALSE,FALSE,TRUE,750,-180.005297709704,-491.971170316488,0.00499359902039487,281.940000000002,7,0.0983609224803674,6.00001610626409,6,1e-04,9.99999999996745e-05,45575.4090895804,NA,NA,NA,NA,"effective component size < 7; MAP component size < 7; uniqueness at numerical floor",""
"MFAC_g4_q2","MFAC",4,2,"continuation",8,"balanced_random_1","converged_nonregular",TRUE,FALSE,FALSE,1142,-188.143817830753,-500.109690437538,0.000187783739306724,498.089999999997,7,0.188914822953734,11.5238320895135,12,1e-04,9.99999999995128e-05,88159.5673246551,NA,NA,NA,NA,"uniqueness at numerical floor",""
"MCNFAC_g4_q2","MCNFAC",4,2,"screen",1,"kmeans_50","iteration_limit_nonregular",FALSE,FALSE,FALSE,250,-159.751442220531,-471.717314827315,0.00566382061731474,141.169999999984,7,0.0655737704917985,3.99999999999971,4,1e-04,9.99999999999846e-05,136490.684025486,0.00434804375200001,0.0781781634836247,1.0001,1.07530994011735,"effective component size < 7; MAP component size < 7; uniqueness at numerical floor; inflation factor at numerical boundary",""
"MCNFAC_g4_q2","MCNFAC",4,2,"screen",2,"kmeans_random_centers_1","iteration_limit_nonregular",FALSE,FALSE,FALSE,250,-146.773775283938,-458.739647890723,0.00121850647767019,142.170000000013,7,0.0819672126105449,4.99999996924141,5,1e-04,9.99999999994236e-05,96115.2686765159,0.000481505231527741,0.99999,1.0001,10.1086254630227,"effective component size < 7; MAP component size < 7; uniqueness at numerical floor; contamination proportion at numerical boundary; inflation factor at numerical boundary",""
"MCNFAC_g4_q2","MCNFAC",4,2,"screen",3,"kmeans_random_centers_2","numerical_failure",FALSE,FALSE,FALSE,0,NA,NA,-0.0217317561148604,112.309999999998,NA,NA,NA,NA,NA,NA,NA,NA,NA,NA,NA,NA,"Log-likelihood decreased by -2.173176e-02 at iteration 201."
"MCNFAC_g4_q2","MCNFAC",4,2,"screen",4,"kmeans_random_centers_3","iteration_limit_nonregular",FALSE,FALSE,FALSE,250,-182.683547302649,-494.649419909433,0.00221733793659951,143.550000000017,7,0.0491803278688294,2.99999999999859,3,1e-04,9.99999999997934e-05,137234.158356048,1e-05,0.0736908723116576,1.0001,1.06354358268294,"effective component size < 7; MAP component size < 7; uniqueness at numerical floor; contamination proportion at numerical boundary; inflation factor at numerical boundary",""
"MCNFAC_g4_q2","MCNFAC",4,2,"screen",5,"kmeans_random_centers_4","iteration_limit_nonregular",FALSE,FALSE,FALSE,250,-146.84505834438,-458.810930951165,0.00143786369787335,140.220000000001,7,0.0819672126091204,4.99999996913345,5,1e-04,9.99999999996805e-05,100479.507119037,0.00532683484396113,0.99999,1.0001,10.105202327933,"effective component size < 7; MAP component size < 7; uniqueness at numerical floor; contamination proportion at numerical boundary; inflation factor at numerical boundary",""
"MCNFAC_g4_q2","MCNFAC",4,2,"screen",6,"hierarchical_ward","iteration_limit_nonregular",FALSE,FALSE,FALSE,250,-111.239157065796,-423.20502967258,0.00361194962265188,141.399999999994,7,0.0491803278688478,2.99999999999972,3,1e-04,9.99999999995009e-05,951896.315863437,0.000888286730111728,0.570830166396002,1.0001,5.47843259473467,"effective component size < 7; MAP component size < 7; uniqueness at numerical floor; inflation factor at numerical boundary",""
"MCNFAC_g4_q2","MCNFAC",4,2,"screen",7,"hierarchical_complete","iteration_limit_nonregular",FALSE,FALSE,FALSE,250,-136.22153455637,-448.187407163155,0.00360118687765976,139.899999999994,7,0.0655737702817338,3.99999998719301,4,1e-04,9.99999999992146e-05,163818.00753702,6.37995769689151e-05,0.187203257945566,1.0001,5.44848357355306,"effective component size < 7; MAP component size < 7; uniqueness at numerical floor; inflation factor at numerical boundary",""
"MCNFAC_g4_q2","MCNFAC",4,2,"screen",8,"balanced_random_1","iteration_limit_nonregular",FALSE,FALSE,FALSE,250,-189.020525171696,-500.986397778481,0.00395836646677594,142.140000000014,7,0.147276122930177,8.98384797682798,9,1e-04,0.000100043970431977,2154.39950049215,1.41474706915823e-05,0.00389781734883668,1.0001,1.05998372550132,"uniqueness at numerical floor; inflation factor at numerical boundary",""
"MCNFAC_g4_q2","MCNFAC",4,2,"screen",9,"balanced_random_2","iteration_limit_nonregular",FALSE,FALSE,FALSE,250,-182.434979269594,-494.400851876378,0.00379035146517026,143.429999999993,7,0.14744464726853,8.99407066205878,9,1e-04,9.99999999997326e-05,78083.0526886518,0.00979383462541986,0.0172601366821225,1.0001,1.02366443668106,"uniqueness at numerical floor; inflation factor at numerical boundary",""
"MCNFAC_g4_q2","MCNFAC",4,2,"screen",10,"balanced_random_3","iteration_limit_nonregular",FALSE,FALSE,FALSE,250,-172.51959025397,-484.485462860754,0.0201568416404712,142.589999999997,7,0.196783088317469,12.0037597211701,12,1e-04,0.000100000000000416,86759.4649466454,0.00344237563606155,0.999979412991443,1.0001,28.9121663259292,"uniqueness at numerical floor; inflation factor at numerical boundary",""
"MCNFAC_g4_q2","MCNFAC",4,2,"screen",11,"balanced_random_4","iteration_limit_nonregular",FALSE,FALSE,FALSE,250,-184.520014473954,-496.485887080738,0.00551424245315957,143.359999999986,7,0.18137241327047,11.0637535457387,11,1e-04,0.000100000000000009,40940.9241849059,0.00103003491379444,0.0603173710428142,1.0001,1.15278052997904,"uniqueness at numerical floor; inflation factor at numerical boundary",""
"MCNFAC_g4_q2","MCNFAC",4,2,"screen",12,"balanced_random_5","numerical_failure",FALSE,FALSE,FALSE,0,NA,NA,-9.10712359143417e-05,135.589999999997,NA,NA,NA,NA,NA,NA,NA,NA,NA,NA,NA,NA,"Log-likelihood decreased by -9.107124e-05 at iteration 235."
"MCNFAC_g4_q2","MCNFAC",4,2,"continuation",6,"hierarchical_ward","persistent_boundary",FALSE,FALSE,TRUE,750,-110.574716995711,-422.540589602495,0.000672047540348331,293.940000000002,7,0.0491803278688482,2.99999999999974,3,1e-04,9.99999999994087e-05,883807.860238165,0.000777469391223436,0.576183527308124,1.0001,5.52022601263538,"effective component size < 7; MAP component size < 7; uniqueness at numerical floor; inflation factor at numerical boundary",""
"MCNFAC_g4_q2","MCNFAC",4,2,"continuation",10,"balanced_random_3","iteration_limit_nonregular",FALSE,FALSE,FALSE,3000,-162.269016656447,-474.234889263232,0.000594025892326044,1629.72,7,0.196609782205015,11.9931993564213,12,1e-04,0.000100000000000017,169220.439540217,0.00450641437561287,0.99999,1.0001,38.7208956782236,"uniqueness at numerical floor; contamination proportion at numerical boundary; inflation factor at numerical boundary",""
"MCNFAC_g4_q2","MCNFAC",4,2,"continuation",7,"hierarchical_complete","persistent_boundary",FALSE,FALSE,TRUE,750,-134.559506324268,-446.525378931052,0.00314414572963528,292.920000000013,7,0.0655737703339944,3.9999999903792,4,1e-04,9.99999999991866e-05,110913.53284493,5.61732869403773e-05,0.183717058668581,1.0001,5.29052758645219,"effective component size < 7; MAP component size < 7; uniqueness at numerical floor; inflation factor at numerical boundary",""
