"key","model","g","q","converged","admissible","terminal_class","admissibility_reason","iteration","logLik_standardized","logLik","k","AIC","BIC","EDC","terminal_AIC_diagnostic","terminal_BIC_diagnostic","terminal_EDC_diagnostic","minimum_required_component_size","min_mixing_proportion","min_effective_component_size","min_MAP_component_size","min_uniqueness","min_covariance_eigenvalue","max_correlation_condition_number","min_contamination_proportion","max_contamination_proportion","min_inflation_factor","max_inflation_factor","delta_AIC","rank_AIC","delta_BIC","rank_BIC","delta_EDC","rank_EDC"
"MCNFAC_g1_q1","MCNFAC",1,1,TRUE,TRUE,"converged_admissible","none",58,-339.869900042556,-651.83577264934,32,1367.67154529868,1435.21950895223,1353.65714322448,1367.67154529868,1435.21950895223,1353.65714322448,7,1,61,61,0.0307107363087248,0.0429891249331661,53.1597267822711,0.113222727127241,0.113222727127241,5.2589978255232,5.2589978255232,32.0518205391445,5,0,1,49.0653118150383,5
"MCNFAC_g1_q2","MCNFAC",1,2,TRUE,TRUE,"converged_admissible","none",205,-336.059769344134,-648.025641950918,37,1370.05128390184,1448.15361687625,1353.84713150355,1370.05128390184,1448.15361687625,1353.84713150355,7,1,61,61,0.0356121453475003,0.0449123296239101,51.1758635761507,0.0595724321698754,0.0595724321698754,7.0944137637394,7.0944137637394,34.431559142301,6,12.934107924023,3,49.2553000941016,6
"MCNFAC_g2_q1","MCNFAC",2,1,TRUE,TRUE,"converged_admissible","none",123,-290.843989772984,-602.809862379768,65,1335.61972475954,1472.8265259308,1307.15297054632,1335.61972475954,1472.8265259308,1307.15297054632,7,0.495065435567907,30.1991229956377,30,0.00683103487531813,0.0218788776900594,34.694202411793,0.083736317695337,0.153319637696394,3.97071667441988,8.52259906019776,0,1,37.6070169785746,6,2.56113913687773,2
"MCNFAC_g2_q2","MCNFAC",2,2,TRUE,TRUE,"converged_admissible","none",236,-281.753170528638,-593.719043135422,75,1337.43808627084,1495.75362608384,1304.59183140944,1337.43808627084,1495.75362608384,1304.59183140944,7,0.478037983564233,29.159300854479,29,0.00147516691381914,0.00676594099967744,49.3489526976794,0.0670689072246382,0.561712348182163,3.3853274375495,11.5470032304822,1.81836151130892,3,60.5341171316168,8,0,1
"MCNFAC_g3_q1","MCNFAC",3,1,TRUE,FALSE,"converged_nonregular","no admissible initialization; best converged start: effective component size < 7; MAP component size < 7; uniqueness at numerical floor; inflation factor at numerical boundary",436,-253.838934573142,-565.804807179926,98,NA,NA,NA,1327.60961435985,1534.47525304884,1284.69050800762,7,0.0819672117735105,4.99999992363832,5,1e-04,0.000100000000000014,3591.61120864701,4.5094513406754e-05,0.698427521854939,1.0001,6.11108329436344,NA,NA,NA,NA,NA,NA
"MCNFAC_g3_q2","MCNFAC",3,2,FALSE,FALSE,"persistent_boundary","effective component size < 7; MAP component size < 7; uniqueness at numerical floor; inflation factor at numerical boundary",750,-195.353591466003,-507.319464072788,113,NA,NA,NA,1240.63892814558,1479.16767479716,1191.15057082107,7,0.0819672131147461,4.99999999999951,5,1e-04,9.99999999995936e-05,93940.8648081613,2.62241120657647e-05,0.640990243143856,1.0001,5.92483830688653,NA,NA,NA,NA,NA,NA
"MCNFAC_g4_q1","MCNFAC",4,1,TRUE,FALSE,"converged_nonregular","effective component size < 7; MAP component size < 7; uniqueness at numerical floor; contamination proportion at numerical boundary; inflation factor at numerical boundary",259,-123.505473903724,-435.471346510509,131,NA,NA,NA,1132.94269302102,1409.46716922772,1075.57123452977,7,0.0491803278688512,2.99999999999992,3,1e-04,9.99999999997257e-05,101635.130210503,1e-05,0.126220762307668,1.0001,6.65444967246694,NA,NA,NA,NA,NA,NA
"MCNFAC_g4_q2","MCNFAC",4,2,FALSE,FALSE,"persistent_boundary","effective component size < 7; MAP component size < 7; uniqueness at numerical floor; inflation factor at numerical boundary",750,-110.574716995711,-422.540589602495,151,NA,NA,NA,1147.08117920499,1465.82313269516,1080.95071941737,7,0.0491803278688482,2.99999999999974,3,1e-04,9.99999999994087e-05,883807.860238165,0.000777469391223436,0.576183527308124,1.0001,5.52022601263538,NA,NA,NA,NA,NA,NA
"MFAC_g1_q1","MFAC",1,1,TRUE,TRUE,"converged_admissible","none",43,-350.056514545983,-662.022387152768,30,1384.04477430554,1447.37099023074,1370.90627236098,1384.04477430554,1447.37099023074,1370.90627236098,7,1,61,61,0.0580108808296159,0.0680597107768317,39.7735441362026,NA,NA,NA,NA,48.4250495459996,7,12.1514812785085,2,66.3144409515307,7
"MFAC_g1_q2","MFAC",1,2,TRUE,TRUE,"converged_admissible","none",95,-346.66302540122,-658.628898008004,35,1387.25779601601,1461.13838126207,1371.92954374736,1387.25779601601,1461.13838126207,1371.92954374736,7,1,61,61,0.0440068540493712,0.0643975533042909,41.6430145759463,NA,NA,NA,NA,51.6380712564728,8,25.9188723098482,4,67.3377123379107,8
"MFAC_g2_q1","MFAC",2,1,TRUE,TRUE,"converged_admissible","none",141,-295.156031348172,-607.121903954956,61,1336.24380790991,1465.00711362448,1309.52885395597,1336.24380790991,1465.00711362448,1309.52885395597,7,0.497986154557364,30.3767796104667,30,0.0041738108402397,0.0212534136208758,37.3418136695625,NA,NA,NA,NA,0.624083150376237,2,29.7876046722577,5,4.93702254652862,3
"MFAC_g2_q2","MFAC",2,2,TRUE,TRUE,"converged_admissible","none",387,-288.736010519987,-600.701883126772,71,1343.40376625354,1493.27581060985,1312.30931165142,1343.40376625354,1493.27581060985,1312.30931165142,7,0.499335501002327,30.4594494171432,30,0.00692790727270248,0.0192200508007486,38.2970335254072,NA,NA,NA,NA,7.7840414940074,4,58.056301657622,7,7.71748024197313,4
"MFAC_g3_q1","MFAC",3,1,TRUE,FALSE,"converged_nonregular","no admissible initialization; best converged start: effective component size < 7; MAP component size < 7; uniqueness at numerical floor",427,-259.226021335562,-571.191893942347,92,NA,NA,NA,1326.38378788469,1520.58418338864,1286.09238192138,7,0.0819672194068215,5.00000038991237,5,1e-04,9.99999999999186e-05,3609.3121564644,NA,NA,NA,NA,NA,NA,NA,NA,NA,NA
"MFAC_g3_q2","MFAC",3,2,TRUE,FALSE,"converged_nonregular","uniqueness at numerical floor",640,-223.866632891899,-535.832505498683,107,NA,NA,NA,1285.66501099737,1511.52851446391,1238.80435406177,7,0.196975712507968,12.0155195597856,12,1e-04,0.00186661519119159,1056.80398300672,NA,NA,NA,NA,NA,NA,NA,NA,NA,NA
"MFAC_g4_q1","MFAC",4,1,FALSE,FALSE,"persistent_boundary","effective component size < 7; MAP component size < 7; uniqueness at numerical floor",750,-181.010324014592,-492.976196621376,123,NA,NA,NA,1231.95239324275,1491.58987853607,1178.08453527006,7,0.0491803278688524,3,3,1e-04,1e-04,3138.32366159787,NA,NA,NA,NA,NA,NA,NA,NA,NA,NA
"MFAC_g4_q2","MFAC",4,2,FALSE,FALSE,"persistent_boundary","effective component size < 7; MAP component size < 7; uniqueness at numerical floor",750,-122.280258281316,-434.2461308881,143,NA,NA,NA,1154.4922617762,1456.34722435298,1091.86540250713,7,0.0491803278688498,2.99999999999984,3,1e-04,9.99999999985324e-05,891054.524113127,NA,NA,NA,NA,NA,NA,NA,NA,NA,NA
