"key","logLik_standardized","transformed_original_logLik","directly_evaluated_original_logLik","difference","passed_1e_6"
"MFAC_g1_q1",-350.056514545983,-662.022387152768,-662.022387109943,4.28246949013555e-08,TRUE
"MFAC_g1_q2",-346.66302540122,-658.628898008004,-658.628897971223,3.6781671042263e-08,TRUE
"MFAC_g2_q1",-295.156031348172,-607.121903954956,-607.121904017823,-6.28667748969747e-08,TRUE
"MFAC_g2_q2",-288.736010519987,-600.701883126772,-600.701883294975,-1.68203541761613e-07,TRUE
"MFAC_g3_q1",-259.226021335562,-571.191893942347,-571.191893753778,1.88569401871064e-07,TRUE
"MFAC_g3_q2",-223.866632891899,-535.832505498683,-535.832505442721,5.59623458684655e-08,TRUE
"MFAC_g4_q1",-181.010324014592,-492.976196621376,-492.97619127933,5.34204622226753e-06,FALSE
"MFAC_g4_q2",-122.280258281316,-434.2461308881,-434.246130830154,5.79456695959379e-08,TRUE
"MCNFAC_g1_q1",-339.869900042556,-651.83577264934,-651.835772609372,3.99678583562491e-08,TRUE
"MCNFAC_g1_q2",-336.059769344134,-648.025641950918,-648.025641925819,2.50992115979898e-08,TRUE
"MCNFAC_g2_q1",-290.843989772984,-602.809862379768,-602.809862413841,-3.40727410730324e-08,TRUE
"MCNFAC_g2_q2",-281.753170528638,-593.719043135422,-593.719043887271,-7.51848574509495e-07,TRUE
"MCNFAC_g3_q1",-253.838934573142,-565.804807179926,-565.804806926938,2.52988456850289e-07,TRUE
"MCNFAC_g3_q2",-195.353591466003,-507.319464072788,-507.319463203707,8.69080793108878e-07,TRUE
"MCNFAC_g4_q1",-123.505473903724,-435.471346510509,-435.471346435162,7.53462359170953e-08,TRUE
"MCNFAC_g4_q2",-110.574716995711,-422.540589602495,-422.540588713851,8.88644535734784e-07,TRUE
