Year,Date_UTC,Time_UTC,Site,Lat,Long,Depth_Site,Depth_Smp,Ht,SRP,TDP,PP,Chl,PC,PN,d13C,d15N,CO2,DIC,DOC
2017,2017-05-11,18:59,KB75,43.09792,-87.71870,75,5,,0.19,1.94,0.67,,75.4,4.85,-25.50,12.60,31.9,2121,
2017,2017-05-11,18:59,KB75,43.09792,-87.71870,75,20,,0.12,1.66,0.95,0.77,74.8,4.53,-29.05,-0.13,33.9,2095,
2017,2017-05-11,18:59,KB75,43.09792,-87.71870,75,35,,0.26,1.82,0.56,0.62,80.4,1.28,-22.53,-9.12,27.6,2126,
2017,2017-05-11,18:59,KB75,43.09792,-87.71870,75,55,,0.70,1.47,0.87,0.77,73.5,6.42,-29.19,1.13,32.3,2103,
2017,2017-05-11,18:59,KB75,43.09792,-87.71870,75,60,,0.45,2.20,0.84,0.86,75.0,4.05,-29.60,0.23,32.4,1882,
2017,2017-05-11,18:59,KB75,43.09792,-87.71870,75,62,,0.44,1.80,0.78,0.72,83.6,4.58,-29.40,-0.63,32.5,2164,
2017,2017-05-26,18:22,KB75,43.09792,-87.71870,75,5,,0.24,1.48,0.97,0.82,73.7,14.15,-32.40,3.97,25.4,2141,
2017,2017-05-26,18:22,KB75,43.09792,-87.71870,75,35,,0.28,2.09,1.12,0.84,59.0,6.12,-29.83,7.52,26.5,1991,
2017,2017-05-26,18:22,KB75,43.09792,-87.71870,75,65,,0.33,1.92,0.45,0.36,38.8,3.21,-28.44,-7.74,24.2,2085,
2017,2017-06-08,14:04,KB75,43.09792,-87.71870,75,5,,0.34,1.32,1.41,0.72,108.9,15.65,-29.46,0.35,24.7,2202,
2017,2017-06-08,14:04,KB75,43.09792,-87.71870,75,26,,0.39,2.35,1.55,1.83,93.9,8.24,-39.32,4.38,26.6,2168,
2017,2017-06-08,14:04,KB75,43.09792,-87.71870,75,65,,1.39,2.14,0.52,0.16,25.7,2.65,-40.04,19.62,37.1,2183,
2017,2017-06-23,14:20,KB75,43.09792,-87.71870,75,5,,1.36,0.94,1.83,0.60,160.8,25.77,-27.92,3.35,15.8,2257,
2017,2017-06-23,14:20,KB75,43.09792,-87.71870,75,27,,0.48,1.18,1.81,2.74,131.3,18.41,-30.28,-1.19,23.7,2292,
2017,2017-06-23,14:20,KB75,43.09792,-87.71870,75,65,,0.44,1.18,0.55,0.31,37.1,,-42.38,5.87,38.4,2280,
2017,2017-07-11,13:08,KB15,43.09577,-87.86112,15,5,,0.19,2.05,4.06,4.01,383.3,40.46,-25.64,0.81,13.9,2095,
2017,2017-07-11,14:07,KB45,43.09798,-87.78403,45,5,,0.53,2.13,2.73,1.37,135.8,18.57,-25.09,-2.07,13.7,2017,
2017,2017-07-11,14:07,KB45,43.09798,-87.78403,45,22,,0.23,1.61,2.20,2.86,154.8,19.92,-31.29,3.26,22.9,2070,
2017,2017-07-11,15:19,KB75,43.09792,-87.71870,75,5,,0.21,1.47,1.05,0.91,96.6,8.64,-27.66,-2.19,13.7,1925,
2017,2017-07-11,15:19,KB75,43.09792,-87.71870,75,30,,0.28,1.56,1.57,2.74,130.3,19.20,-30.81,-0.98,52.8,2022,
2017,2017-07-11,15:19,KB75,43.09792,-87.71870,75,65,,0.46,1.84,0.48,0.43,45.4,,-28.90,21.24,,,
2017,2017-07-25,14:04,KB75,43.09792,-87.71870,75,5,,0.05,1.64,1.05,1.15,102.3,11.32,-29.21,-6.09,11.2,1913,
2017,2017-07-25,14:04,KB75,43.09792,-87.71870,75,40,,0.15,1.64,2.12,3.20,175.0,24.07,-30.80,-4.79,27.0,2069,
2017,2017-07-25,14:04,KB75,43.09792,-87.71870,75,65,,0.36,1.79,0.50,0.55,49.8,3.04,-28.82,-6.97,49.4,2295,
2017,2017-08-01,15:30,AW55,43.09502,-87.77135,55,2,,0.07,1.16,0.92,1.37,107.9,22.06,-27.54,17.17,11.0,1875,175.8
2017,2017-08-01,15:30,AW55,43.09502,-87.77135,55,10,,0.07,0.94,0.94,0.96,110.5,15.34,-27.89,2.36,11.9,1857,156.9
2017,2017-08-01,15:30,AW55,43.09502,-87.77135,55,20,,0.12,1.61,1.86,1.60,169.4,20.99,-28.62,-6.02,16.8,1868,148.2
2017,2017-08-01,15:30,AW55,43.09502,-87.77135,55,25,,0.19,1.48,2.29,1.37,148.8,19.49,-28.40,-0.23,17.8,1951,136.3
2017,2017-08-01,15:30,AW55,43.09502,-87.77135,55,30,,0.17,1.28,1.36,1.26,123.5,15.09,-29.09,-7.91,22.0,2085,140.8
2017,2017-08-01,15:30,AW55,43.09502,-87.77135,55,35,,0.17,1.78,1.09,1.26,112.0,10.08,-30.75,-3.32,33.9,2025,140.8
2017,2017-08-01,15:30,AW55,43.09502,-87.77135,55,40,,0.10,1.36,0.58,0.70,99.0,6.84,-31.18,-0.87,45.0,2049,155.4
2017,2017-08-01,15:30,AW55,43.09502,-87.77135,55,50,,0.36,2.18,0.55,0.48,99.7,4.92,-30.82,-21.94,60.2,1891,142.7
2017,2017-08-01,15:30,AW55,43.09502,-87.77135,55,53,,0.65,1.50,0.76,0.24,49.8,,-29.51,26.09,41.1,1870,147.2
2017,2017-08-01,15:30,AW55,43.09502,-87.77135,55,54,,0.43,1.46,0.29,0.29,50.6,,-32.74,-5.53,45.9,1929,144.8
2017,2017-08-01,15:30,AW55,43.09502,-87.77135,55,55,,0.70,2.72,0.97,0.26,78.8,4.32,-28.80,-2.85,44.7,1875,145.8
2017,2017-08-16,14:32,KB75,43.09792,-87.71870,75,5,,0.46,0.83,1.95,2.06,153.0,21.21,-26.08,2.87,,1970,
2017,2017-08-16,14:32,KB75,43.09792,-87.71870,75,25,,1.26,2.66,2.56,1.83,169.8,20.28,-28.87,-4.45,,1859,
2017,2017-08-16,14:32,KB75,43.09792,-87.71870,75,65,,0.34,1.54,0.54,0.39,54.9,1.74,-28.66,-4.81,,,
2017,2017-08-16,15:45,AW55,43.09502,-87.77135,55,2,,0.41,1.30,1.25,1.26,142.9,16.59,-27.05,-5.41,10.4,2058,247.4
2017,2017-08-16,15:45,AW55,43.09502,-87.77135,55,10,,0.54,1.36,1.28,1.37,149.0,20.18,-29.82,-5.95,9.8,2052,189.5
2017,2017-08-16,15:45,AW55,43.09502,-87.77135,55,20,,0.38,5.21,2.22,1.14,169.2,22.19,-28.89,-1.73,26.7,2101,192.4
2017,2017-08-16,15:45,AW55,43.09502,-87.77135,55,25,,0.60,1.30,2.69,1.26,168.9,18.61,-29.02,-3.97,20.3,2083,403.5
2017,2017-08-16,15:45,AW55,43.09502,-87.77135,55,30,,0.75,1.84,1.44,1.03,199.1,21.05,-30.88,-4.50,21.9,2139,163.9
2017,2017-08-16,15:45,AW55,43.09502,-87.77135,55,35,,0.87,1.50,1.05,0.67,77.0,6.25,-28.56,-10.89,32.0,2132,402.4
2017,2017-08-16,15:45,AW55,43.09502,-87.77135,55,40,,0.62,0.93,0.97,0.48,64.5,5.48,-35.24,-9.14,35.9,2131,148.0
2017,2017-08-16,15:45,AW55,43.09502,-87.77135,55,50,,1.63,2.25,1.01,0.31,60.8,4.65,-29.09,-1.33,46.1,2077,142.2
2017,2017-08-16,15:45,AW55,43.09502,-87.77135,55,51,,0.59,1.28,0.68,0.34,69.4,5.53,-27.70,-2.01,46.6,2195,158.0
2017,2017-08-16,15:45,AW55,43.09502,-87.77135,55,52,,0.75,1.30,0.77,0.31,87.4,7.81,-29.56,-1.37,46.3,2142,168.1
2017,2017-08-16,15:45,AW55,43.09502,-87.77135,55,53,,0.60,1.22,0.88,0.34,59.4,,-29.02,-1.44,40.1,2116,149.0
2017,2017-08-29,14:05,KB75,43.09792,-87.71870,75,65,,0.45,1.02,0.40,0.09,36.4,,-27.21,1.85,,,
2017,2017-08-29,14:06,KB75,43.09792,-87.71870,75,5,,0.19,0.79,1.89,1.07,128.1,17.59,-26.73,1.11,,1958,
2017,2017-08-29,14:06,KB75,43.09792,-87.71870,75,22,,0.15,1.32,2.86,1.17,195.7,26.88,-28.16,-1.64,,1960,
2017,2017-09-12,14:46,KB15,43.09577,-87.86112,15,5,,0.46,1.91,4.10,2.28,194.8,25.30,-25.39,2.79,18.3,2083,
2017,2017-09-12,15:32,KB45,43.09798,-87.78403,45,5,,0.42,1.06,2.14,2.28,169.1,18.77,-27.20,0.62,11.8,2126,
2017,2017-09-12,15:32,KB45,43.09798,-87.78403,45,36,,0.49,0.64,1.69,0.62,105.8,4.15,-27.24,-24.57,44.3,1980,
2017,2017-09-12,15:32,KB75,43.09792,-87.71870,75,5,,0.59,1.02,2.02,1.60,159.0,22.02,-28.57,3.53,13.3,1780,
2017,2017-09-12,16:20,KB75,43.09792,-87.71870,75,38,,0.53,1.54,1.59,0.94,97.5,10.42,-27.60,-8.05,46.7,2123,
2017,2017-09-12,16:20,KB75,43.09792,-87.71870,75,65,,0.86,1.22,0.33,0.09,39.2,,-26.60,-14.30,,,
2017,2017-09-25,14:00,KB75,43.09792,-87.71870,75,5,,0.48,0.50,1.65,1.14,193.2,22.84,-26.73,0.85,9.7,2066,
2017,2017-09-25,14:00,KB75,43.09792,-87.71870,75,28,,0.47,0.49,1.81,0.77,96.9,11.27,-28.42,1.71,27.4,1970,
2017,2017-09-25,14:00,KB75,43.09792,-87.71870,75,65,,0.69,0.82,0.63,0.06,48.4,2.18,-27.12,-0.10,,,
2017,2017-10-09,13:10,KB15,43.09577,-87.86112,15,6,,0.92,1.47,2.40,0.38,91.1,,-27.50,-1.75,,2006,
2017,2017-10-09,15:00,KB45,43.09798,-87.78403,45,5,,0.44,0.90,2.63,0.92,158.5,19.91,-28.46,-1.24,,1956,
2017,2017-10-09,15:00,KB45,43.09798,-87.78403,45,17,,0.14,0.73,2.61,0.68,139.8,21.56,-28.96,9.09,,2034,
2017,2017-10-09,16:00,KB75,43.09792,-87.71870,75,5,,0.09,0.36,2.02,0.89,174.9,27.58,-27.42,6.73,,2067,
2017,2017-10-09,16:00,KB75,43.09792,-87.71870,75,10,,0.15,0.65,2.13,1.00,173.6,21.29,-28.07,-1.21,,2056,
2017,2017-10-09,16:00,KB75,43.09792,-87.71870,75,65,,0.70,1.40,0.69,0.06,33.6,,-26.74,-27.13,,,
2017,2017-10-23,14:40,KB75,43.09792,-87.71870,75,5,,0.35,1.28,2.57,1.48,195.9,26.70,-39.24,2.40,20.9,2043,
2017,2017-10-23,14:40,KB75,43.09792,-87.71870,75,16,,0.38,0.86,3.01,0.87,205.8,27.92,-26.29,4.15,27.2,2033,
2017,2017-10-23,14:40,KB75,43.09792,-87.71870,75,65,,0.66,1.73,0.42,0.01,34.0,,-26.58,-14.12,,,
2017,2017-11-13,16:00,KB75,43.09792,-87.71870,75,5,,0.58,0.54,,1.94,123.4,9.68,-28.78,25.14,36.8,1940,
2017,2017-11-13,16:00,KB75,43.09792,-87.71870,75,25,,0.37,0.33,1.24,1.60,109.1,11.02,-29.01,7.52,39.2,1912,
2017,2017-11-13,16:00,KB75,43.09792,-87.71870,75,65,,1.11,0.40,0.73,0.55,43.7,3.04,-27.99,1.31,,,
2018,2018-07-31,09:30,AW55,43.09502,-87.77135,55,,35.3,1.29,,,,,,,,,,
2018,2018-07-31,09:30,AW55,43.09502,-87.77135,55,,30.8,2.11,,,,,,,,,,
2018,2018-07-31,09:30,AW55,43.09502,-87.77135,55,,26.9,1.24,,,,,,,,,,
2018,2018-07-31,09:30,AW55,43.09502,-87.77135,55,,22.6,1.02,,,,,,,,,,
2018,2018-07-31,09:30,AW55,43.09502,-87.77135,55,,18.7,1.08,,,,,,,,,,
2018,2018-07-31,09:30,AW55,43.09502,-87.77135,55,,15.5,0.59,,,,,,,,,,
2018,2018-07-31,09:30,AW55,43.09502,-87.77135,55,,7,2.10,,,,,,,,,,
2018,2018-07-31,09:30,AW55,43.09502,-87.77135,55,,3,2.36,,,,,,,,,,
2018,2018-08-16,11:00,AW55,43.09502,-87.77135,55,,29.6,0.85,,,,,,,,,,
2018,2018-08-16,11:00,AW55,43.09502,-87.77135,55,,27.3,0.58,,,,,,,,,,
2018,2018-08-16,11:00,AW55,43.09502,-87.77135,55,,23.2,0.76,,,,,,,,,,
2018,2018-08-16,11:00,AW55,43.09502,-87.77135,55,,20.3,0.60,,,,,,,,,,
2018,2018-08-16,11:00,AW55,43.09502,-87.77135,55,,15.7,0.78,,,,,,,,,,
2018,2018-08-16,11:00,AW55,43.09502,-87.77135,55,,11.7,0.63,,,,,,,,,,
2018,2018-08-16,11:00,AW55,43.09502,-87.77135,55,,7.3,0.81,,,,,,,,,,
2018,2018-08-16,11:00,AW55,43.09502,-87.77135,55,,3.5,1.12,,,,,,,,,,
2018,2018-08-23,10:00,AW55,43.09502,-87.77135,55,,32,0.69,,,,,,,,,,
2018,2018-08-23,10:00,AW55,43.09502,-87.77135,55,,25,0.74,,,,,,,,,,
2018,2018-08-23,10:00,AW55,43.09502,-87.77135,55,,16.5,0.90,,,,,,,,,,
2018,2018-08-23,10:00,AW55,43.09502,-87.77135,55,,11,0.77,,,,,,,,,,
2018,2018-08-23,10:00,AW55,43.09502,-87.77135,55,,7,1.04,,,,,,,,,,
2018,2018-08-23,10:00,AW55,43.09502,-87.77135,55,,31.8,0.67,,,,,,,,,,
2018,2018-08-23,10:00,AW55,43.09502,-87.77135,55,,25.3,0.72,,,,,,,,,,
2018,2018-08-23,10:00,AW55,43.09502,-87.77135,55,,21.3,0.57,,,,,,,,,,
2018,2018-08-23,10:00,AW55,43.09502,-87.77135,55,,13.3,0.92,,,,,,,,,,
2018,2018-08-23,10:00,AW55,43.09502,-87.77135,55,,9.3,0.84,,,,,,,,,,
2018,2018-08-23,10:00,AW55,43.09502,-87.77135,55,,5.5,1.14,,,,,,,,,,
2018,2018-09-04,09:30,AW55,43.09502,-87.77135,55,,30.4,0.77,,,,,,,,,,
2018,2018-09-04,09:30,AW55,43.09502,-87.77135,55,,26.7,0.92,,,,,,,,,,
2018,2018-09-04,09:30,AW55,43.09502,-87.77135,55,,22.1,0.46,,,,,,,,,,
2018,2018-09-04,09:30,AW55,43.09502,-87.77135,55,,18.5,0.70,,,,,,,,,,
2018,2018-09-04,09:30,AW55,43.09502,-87.77135,55,,14.7,0.54,,,,,,,,,,
2018,2018-09-04,09:30,AW55,43.09502,-87.77135,55,,10,0.59,,,,,,,,,,
2018,2018-09-25,10:00,AW55,43.09502,-87.77135,55,,33.3,-0.17,,,,,,,,,,
2018,2018-09-25,10:00,AW55,43.09502,-87.77135,55,,30.8,0.89,,,,,,,,,,
2018,2018-09-25,10:00,AW55,43.09502,-87.77135,55,,26.8,0.23,,,,,,,,,,
2018,2018-09-25,10:00,AW55,43.09502,-87.77135,55,,22.8,0.23,,,,,,,,,,
2018,2018-09-25,10:00,AW55,43.09502,-87.77135,55,,18.9,0.70,,,,,,,,,,
2018,2018-09-25,10:00,AW55,43.09502,-87.77135,55,,14.8,0.56,,,,,,,,,,
2018,2018-09-25,10:00,AW55,43.09502,-87.77135,55,,10.8,0.66,,,,,,,,,,
2018,2018-09-25,10:00,AW55,43.09502,-87.77135,55,,7,2.31,,,,,,,,,,
2018,2018-04-05,,AW55,43.09502,-87.77135,55,2,,0.39,1.15,0.82,0.58,,,,,,1913,1.7
2018,2018-04-05,,AW55,43.09502,-87.77135,55,10,,0.19,1.27,0.92,0.60,,,,,,1846,1.6
2018,2018-04-05,,AW55,43.09502,-87.77135,55,20,,0.11,1.04,1.03,0.55,,,,,,1864,1.7
2018,2018-04-05,,AW55,43.09502,-87.77135,55,30,,0.17,1.31,0.79,0.48,,,,,,2040,1.8
2018,2018-04-05,,AW55,43.09502,-87.77135,55,40,,0.14,1.10,0.84,0.48,,,,,,1886,1.6
2018,2018-04-05,,AW55,43.09502,-87.77135,55,50,,0.16,1.06,0.80,0.40,,,,,,2042,1.7
2018,2018-04-05,,AW55,43.09502,-87.77135,55,53,,0.48,1.82,5.31,0.43,,,,,,2215,1.5
2018,2018-04-05,,AW55,43.09502,-87.77135,55,54,,0.35,1.45,0.89,0.38,,,,,,2000,1.8
2018,2018-04-05,,AW55,43.09502,-87.77135,55,54,,0.14,1.01,0.89,0.40,,,,,,1964,1.7
2018,2018-04-20,,AW55,43.09502,-87.77135,55,2,,0.36,0.81,0.89,0.24,,,,,,2039,2.2
2018,2018-04-20,,AW55,43.09502,-87.77135,55,10,,0.50,0.81,0.98,0.23,,,,,,2084,2.1
2018,2018-04-20,,AW55,43.09502,-87.77135,55,20,,0.41,0.91,1.05,0.20,,,,,,2084,2.1
2018,2018-04-20,,AW55,43.09502,-87.77135,55,30,,0.35,1.00,1.08,0.19,,,,,,2207,2.1
2018,2018-04-20,,AW55,43.09502,-87.77135,55,40,,0.36,0.91,1.08,0.18,,,,,,2351,2.2
2018,2018-04-20,,AW55,43.09502,-87.77135,55,50,,0.38,0.79,0.85,0.14,,,,,,2214,2.1
2018,2018-04-20,,AW55,43.09502,-87.77135,55,54,,0.35,0.93,0.73,0.10,,,,,,2228,2.1
2018,2018-04-20,,AW55,43.09502,-87.77135,55,54,,0.47,0.69,0.80,0.13,,,,,,2327,2.1
2018,2018-05-10,,AW55,43.09502,-87.77135,55,2,,0.20,1.48,0.99,0.35,,,,,,2137,2.2
2018,2018-05-10,,AW55,43.09502,-87.77135,55,10,,0.25,1.46,0.90,0.37,,,,,,2016,2.1
2018,2018-05-10,,AW55,43.09502,-87.77135,55,20,,0.13,1.46,0.97,0.35,,,,,,2148,2.2
2018,2018-05-10,,AW55,43.09502,-87.77135,55,30,,0.25,1.71,0.92,0.38,,,,,,2103,2.1
2018,2018-05-10,,AW55,43.09502,-87.77135,55,40,,0.38,1.72,0.92,0.32,,,,,,2126,2.1
2018,2018-05-10,,AW55,43.09502,-87.77135,55,50,,0.21,1.90,0.92,0.37,,,,,,2084,2.2
2018,2018-05-10,,AW55,43.09502,-87.77135,55,52,,0.67,1.75,1.25,0.32,,,,,,2182,2.2
2018,2018-05-10,,AW55,43.09502,-87.77135,55,52,,0.16,1.61,1.04,0.34,,,,,,1912,2.2
2018,2018-06-12,,AW55,43.09502,-87.77135,55,2,,0.00,1.66,1.32,0.84,,,,,,2215,1.9
2018,2018-06-12,,AW55,43.09502,-87.77135,55,10,,0.00,1.37,1.44,0.84,,,,,,2237,2.0
2018,2018-06-12,,AW55,43.09502,-87.77135,55,20,,0.00,1.37,1.15,0.74,,,,,,2126,1.8
2018,2018-06-12,,AW55,43.09502,-87.77135,55,25,,0.00,1.53,1.07,0.68,,,,,,2234,1.7
2018,2018-06-12,,AW55,43.09502,-87.77135,55,30,,0.48,1.41,1.19,0.79,,,,,,2197,1.9
2018,2018-06-12,,AW55,43.09502,-87.77135,55,35,,0.45,1.43,0.88,0.58,,,,,,2079,1.9
2018,2018-06-12,,AW55,43.09502,-87.77135,55,40,,1.18,1.55,0.98,0.77,,,,,,2113,1.9
2018,2018-06-12,,AW55,43.09502,-87.77135,55,50,,0.64,1.87,1.17,0.26,,,,,,2183,1.9
2018,2018-06-12,,AW55,43.09502,-87.77135,55,51,,0.29,1.75,1.16,0.36,,,,,,2224,1.8
2018,2018-06-12,,AW55,43.09502,-87.77135,55,52,,0.96,2.32,1.28,0.24,,,,,,2341,1.9
2018,2018-06-12,,AW55,43.09502,-87.77135,55,52,,0.37,1.77,1.17,0.31,,,,,,2083,2.0
2018,2018-06-27,,AW55,43.09502,-87.77135,55,2,,0.14,0.07,1.16,0.61,,,,,,2156,1.8
2018,2018-06-27,,AW55,43.09502,-87.77135,55,10,,0.24,0.17,1.28,0.50,,,,,,2181,1.7
2018,2018-06-27,,AW55,43.09502,-87.77135,55,20,,0.14,0.00,0.95,0.62,,,,,,2134,1.7
2018,2018-06-27,,AW55,43.09502,-87.77135,55,25,,0.17,0.14,1.67,1.03,,,,,,2230,1.7
2018,2018-06-27,,AW55,43.09502,-87.77135,55,30,,0.36,0.49,1.51,1.14,,,,,,2113,1.7
2018,2018-06-27,,AW55,43.09502,-87.77135,55,35,,0.71,0.47,1.12,0.38,,,,,,2202,1.7
2018,2018-06-27,,AW55,43.09502,-87.77135,55,40,,0.68,0.71,0.83,0.19,,,,,,2320,1.7
2018,2018-06-27,,AW55,43.09502,-87.77135,55,46,,0.52,0.75,1.05,0.42,,,,,,2112,1.6
2018,2018-06-27,,AW55,43.09502,-87.77135,55,47,,1.18,0.49,0.55,0.11,,,,,,2187,1.6
2018,2018-06-27,,AW55,43.09502,-87.77135,55,50,,1.00,0.56,0.58,0.09,,,,,,2222,1.6
2018,2018-06-27,,AW55,43.09502,-87.77135,55,52,,1.28,0.75,0.72,0.17,,,,,,2191,1.6
2018,2018-07-19,,AW55,43.09502,-87.77135,55,2,,0.00,1.29,1.70,0.41,,,,,,,1.7
2018,2018-07-19,,AW55,43.09502,-87.77135,55,10,,0.02,1.32,2.67,0.53,,,,,,,1.9
2018,2018-07-19,,AW55,43.09502,-87.77135,55,20,,0.24,2.20,3.70,0.70,,,,,,,1.8
2018,2018-07-19,,AW55,43.09502,-87.77135,55,25,,0.17,1.63,3.13,1.03,,,,,,,1.8
2018,2018-07-19,,AW55,43.09502,-87.77135,55,30,,0.10,1.56,2.75,1.62,,,,,,,1.8
2018,2018-07-19,,AW55,43.09502,-87.77135,55,35,,0.24,1.50,1.82,0.70,,,,,,,1.7
2018,2018-07-19,,AW55,43.09502,-87.77135,55,40,,0.51,2.13,1.44,0.56,,,,,,,1.7
2018,2018-07-19,,AW55,43.09502,-87.77135,55,50,,0.31,1.73,1.72,0.38,,,,,,,1.7
2018,2018-07-19,,AW55,43.09502,-87.77135,55,51,,0.26,1.32,1.68,0.35,,,,,,,1.7
2018,2018-07-19,,AW55,43.09502,-87.77135,55,54,,0.28,1.47,0.97,0.27,,,,,,,1.8
2018,2018-08-06,,AW55,43.09502,-87.77135,55,2,,,0.46,1.89,0.64,,,,,,2111,2.1
2018,2018-08-06,,AW55,43.09502,-87.77135,55,10,,0.37,0.92,1.99,0.74,,,,,,2074,2.1
2018,2018-08-06,,AW55,43.09502,-87.77135,55,20,,0.41,0.99,2.23,0.82,,,,,,1988,2.2
2018,2018-08-06,,AW55,43.09502,-87.77135,55,25,,0.40,1.22,3.03,1.42,,,,,,2027,2.2
2018,2018-08-06,,AW55,43.09502,-87.77135,55,30,,0.33,1.00,3.09,1.67,,,,,,2001,3.4
2018,2018-08-06,,AW55,43.09502,-87.77135,55,35,,0.08,1.14,1.73,0.48,,,,,,2031,2.1
2018,2018-08-06,,AW55,43.09502,-87.77135,55,40,,0.35,1.38,0.67,0.20,,,,,,2079,2.1
2018,2018-08-06,,AW55,43.09502,-87.77135,55,50,,0.31,1.60,0.47,0.19,,,,,,2106,2.1
2018,2018-08-06,,AW55,43.09502,-87.77135,55,51,,0.25,1.04,0.32,0.22,,,,,,2113,2.0
2018,2018-08-06,,AW55,43.09502,-87.77135,55,54,,0.30,1.48,0.67,0.18,,,,,,2130,2.1
2018,2018-08-23,,AW55,43.09502,-87.77135,55,2,,0.10,1.19,2.10,0.90,,,,,,2118,2.1
2018,2018-08-23,,AW55,43.09502,-87.77135,55,10,,0.27,0.60,1.09,0.98,,,,,,1894,2.1
2018,2018-08-23,,AW55,43.09502,-87.77135,55,20,,0.31,0.68,2.12,0.82,,,,,,1989,2.1
2018,2018-08-23,,AW55,43.09502,-87.77135,55,25,,0.44,0.72,2.16,0.60,,,,,,1934,2.0
2018,2018-08-23,,AW55,43.09502,-87.77135,55,30,,0.12,0.70,2.14,1.01,,,,,,1901,2.1
2018,2018-08-23,,AW55,43.09502,-87.77135,55,35,,0.32,0.99,3.30,1.01,,,,,,1978,2.1
2018,2018-08-23,,AW55,43.09502,-87.77135,55,40,,0.36,1.33,2.22,0.36,,,,,,2117,1.9
2018,2018-08-23,,AW55,43.09502,-87.77135,55,50,,0.58,1.33,1.69,0.34,,,,,,2014,2.0
2018,2018-08-23,,AW55,43.09502,-87.77135,55,52,,0.89,1.50,2.72,0.38,,,,,,2108,2.0
2018,2018-08-23,,AW55,43.09502,-87.77135,55,54,,0.56,1.36,2.18,0.41,,,,,,1812,2.0
2018,2018-09-11,,AW55,43.09502,-87.77135,55,2,,0.22,0.92,1.10,0.53,,,,,,1154,2.1
2018,2018-09-11,,AW55,43.09502,-87.77135,55,10,,0.03,0.98,1.47,0.86,,,,,,1122,2.1
2018,2018-09-11,,AW55,43.09502,-87.77135,55,20,,0.24,1.30,2.62,0.94,,,,,,1219,2.0
2018,2018-09-11,,AW55,43.09502,-87.77135,55,25,,0.29,1.28,2.38,0.64,,,,,,1190,2.0
2018,2018-09-11,,AW55,43.09502,-87.77135,55,30,,0.34,1.27,1.69,0.74,,,,,,1263,2.0
2018,2018-09-11,,AW55,43.09502,-87.77135,55,35,,0.31,1.11,1.66,0.76,,,,,,1210,1.9
2018,2018-09-11,,AW55,43.09502,-87.77135,55,40,,0.24,1.11,1.01,0.44,,,,,,1224,2.0
2018,2018-09-11,,AW55,43.09502,-87.77135,55,50,,0.77,1.78,0.66,0.26,,,,,,1236,1.9
2018,2018-09-11,,AW55,43.09502,-87.77135,55,52,,0.58,1.30,0.64,0.22,,,,,,1250,1.9
2018,2018-09-11,,AW55,43.09502,-87.77135,55,54,,0.70,1.52,0.69,0.19,,,,,,1148,1.9
2018,2018-10-09,,AW55,43.09502,-87.77135,55,2,,0.27,0.70,2.05,1.32,,,,,,1714,2.2
2018,2018-10-09,,AW55,43.09502,-87.77135,55,10,,0.24,0.85,2.27,1.03,,,,,,1619,2.2
2018,2018-10-09,,AW55,43.09502,-87.77135,55,20,,0.36,0.99,2.36,0.96,,,,,,1725,2.2
2018,2018-10-09,,AW55,43.09502,-87.77135,55,25,,0.65,1.11,2.91,0.86,,,,,,1745,2.3
2018,2018-10-09,,AW55,43.09502,-87.77135,55,30,,0.41,1.23,2.61,0.60,,,,,,1788,2.1
2018,2018-10-09,,AW55,43.09502,-87.77135,55,35,,0.29,0.96,2.04,0.58,,,,,,1970,2.0
2018,2018-10-09,,AW55,43.09502,-87.77135,55,40,,0.55,1.14,1.27,0.21,,,,,,2092,2.0
2018,2018-10-09,,AW55,43.09502,-87.77135,55,50,,1.18,1.84,1.08,0.17,,,,,,2079,2.1
2018,2018-10-09,,AW55,43.09502,-87.77135,55,54,,0.99,1.21,0.97,0.11,,,,,,,2.1
2018,2018-10-09,,AW55,43.09502,-87.77135,55,54,,0.55,1.31,1.22,0.11,,,,,,2103,2.0
2018,2018-10-25,,AW55,43.09502,-87.77135,55,5,,0.16,0.83,1.67,1.80,,,,,,2039,2.2
2018,2018-10-25,,AW55,43.09502,-87.77135,55,20,,0.19,1.01,2.57,2.33,,,,,,2008,2.0
2018,2018-10-25,,AW55,43.09502,-87.77135,55,30,,0.19,0.76,1.57,1.92,,,,,,1802,2.2
2018,2018-10-25,,AW55,43.09502,-87.77135,55,40,,0.16,0.96,1.67,0.98,,,,,,1848,1.9
2018,2018-10-25,,AW55,43.09502,-87.77135,55,53,,0.90,2.07,1.07,0.19,,,,,,1910,2.1
2019,2019-05-02,,AW55,43.06992,-87.75322,55,2,,0.25,1.28,0.91,0.48,42.5,6.98,,,,,126.1
2019,2019-05-02,,AW55,43.06992,-87.75322,55,10,,0.25,1.28,1.15,0.51,48.5,7.13,,,,,128.3
2019,2019-05-02,,AW55,43.06992,-87.75322,55,20,,0.21,1.26,0.93,0.42,57.0,8.74,,,,,128.0
2019,2019-05-02,,AW55,43.06992,-87.75322,55,30,,0.21,1.12,1.07,0.51,51.8,7.70,,,,,130.2
2019,2019-05-02,,AW55,43.06992,-87.75322,55,40,,0.21,1.17,1.36,0.59,48.7,7.35,,,,,127.6
2019,2019-05-02,,AW55,43.06992,-87.75322,55,48,,0.38,1.22,0.89,0.32,33.8,4.96,,,,,127.9
2019,2019-05-02,,AW55,43.06992,-87.75322,55,50.5,,0.82,1.51,0.92,0.32,40.4,5.84,,,,,132.4
2019,2019-05-14,,AW55,43.06992,-87.75322,55,2,,0.18,1.54,0.72,0.42,50.4,6.88,,,34.9,2067,147.3
2019,2019-05-14,,AW55,43.06992,-87.75322,55,10,,0.30,1.61,0.80,0.52,60.9,9.35,,,33.9,1988,144.6
2019,2019-05-14,,AW55,43.06992,-87.75322,55,20,,0.14,1.47,0.73,0.41,67.8,16.61,,,35.2,1905,147.6
2019,2019-05-14,,AW55,43.06992,-87.75322,55,30,,0.11,1.79,1.05,0.37,55.2,9.17,,,34.2,1950,153.2
2019,2019-05-14,,AW55,43.06992,-87.75322,55,40,,0.21,1.91,0.87,0.32,36.7,4.86,,,35.7,1972,151.2
2019,2019-05-14,,AW55,43.06992,-87.75322,55,50,,0.39,1.77,0.78,0.32,42.2,6.77,,,36.2,2020,150.2
2019,2019-05-14,,AW55,43.06992,-87.75322,55,52.5,,0.32,1.82,0.66,0.34,40.8,5.83,,,37.0,1857,148.8
2019,2019-06-05,,AW55,43.06992,-87.75322,55,2,,-0.00,1.14,2.31,0.89,119.6,15.51,,,28.1,2064,
2019,2019-06-05,,AW55,43.06992,-87.75322,55,10,,-0.01,1.01,1.22,0.61,90.5,13.01,,,32.0,2222,
2019,2019-06-05,,AW55,43.06992,-87.75322,55,15,,0.01,1.31,1.23,0.48,77.9,11.71,,,31.5,2088,
2019,2019-06-05,,AW55,43.06992,-87.75322,55,20,,0.01,1.26,1.52,0.72,70.2,10.53,,,32.7,2063,
2019,2019-06-05,,AW55,43.06992,-87.75322,55,30,,0.01,1.35,0.81,0.70,60.4,8.69,,,32.5,2026,
2019,2019-06-05,,AW55,43.06992,-87.75322,55,40,,-0.00,1.16,0.81,0.62,55.1,8.27,,,33.9,2213,
2019,2019-06-05,,AW55,43.06992,-87.75322,55,50,,0.01,1.45,0.78,0.34,36.0,5.33,,,36.8,2259,
2019,2019-06-05,,AW55,43.06992,-87.75322,55,54,,0.02,1.31,0.71,0.41,33.8,5.35,,,36.2,2141,
2019,2019-06-05,,AW55,43.06992,-87.75322,55,54.5,,0.01,1.62,0.70,0.43,153.3,15.91,,,40.1,2183,
2019,2019-07-01,,AW55,43.06992,-87.75322,55,2,,0.36,2.09,3.04,1.10,156.2,22.33,,,18.4,2244,224.8
2019,2019-07-01,,AW55,43.06992,-87.75322,55,10,,0.77,2.14,2.79,2.51,225.9,35.90,,,21.0,2049,187.2
2019,2019-07-01,,AW55,43.06992,-87.75322,55,15,,0.30,1.38,0.95,,119.0,13.42,,,25.1,2127,151.1
2019,2019-07-01,,AW55,43.06992,-87.75322,55,20,,0.27,1.69,1.55,1.19,118.3,14.25,,,26.8,2232,156.8
2019,2019-07-01,,AW55,43.06992,-87.75322,55,25,,0.16,1.82,1.71,1.67,115.4,23.29,,,30.6,2234,162.6
2019,2019-07-01,,AW55,43.06992,-87.75322,55,30,,0.29,1.54,1.78,1.82,91.5,14.10,,,32.7,2230,169.2
2019,2019-07-01,,AW55,43.06992,-87.75322,55,35,,0.09,1.62,1.12,1.41,79.0,12.32,,,35.7,2115,159.2
2019,2019-07-01,,AW55,43.06992,-87.75322,55,40,,0.30,2.67,1.47,1.12,69.6,12.04,,,37.6,2196,164.1
2019,2019-07-01,,AW55,43.06992,-87.75322,55,50,,0.09,1.55,1.47,1.07,77.1,12.26,,,36.9,2104,153.1
2019,2019-07-01,,AW55,43.06992,-87.75322,55,54,,0.91,2.19,0.57,0.38,39.2,4.17,,,46.9,2247,158.9
2019,2019-07-01,,AW55,43.06992,-87.75322,55,54.5,,0.54,2.19,0.51,0.30,36.7,3.54,,,42.7,1998,142.1
2019,2019-07-25,,AW10,43.09522,-87.86447,10,10,,0.41,2.03,1.61,0.67,70.3,12.52,,,,,
2019,2019-07-25,,AW10,43.09522,-87.86447,10,1,,0.02,1.75,1.58,0.38,104.0,11.94,,,,,
2019,2019-08-19,,AW55,43.06992,-87.75322,55,2,,0.28,2.03,1.75,0.35,123.7,19.83,,,18.6,1496,191.6
2019,2019-08-19,,AW55,43.06992,-87.75322,55,10,,0.15,1.42,1.69,0.50,132.3,21.24,,,15.2,1402,162.8
2019,2019-08-19,,AW55,43.06992,-87.75322,55,15,,0.20,1.56,2.29,0.73,181.8,31.20,,,13.4,1478,149.5
2019,2019-08-19,,AW55,43.06992,-87.75322,55,20,,0.17,1.56,2.68,0.77,187.5,28.10,,,17.6,1522,151.3
2019,2019-08-19,,AW55,43.06992,-87.75322,55,25,,0.22,1.86,2.82,0.65,174.1,24.72,,,16.4,1399,148.0
2019,2019-08-19,,AW55,43.06992,-87.75322,55,30,,0.18,1.71,0.99,0.37,96.0,15.01,,,41.2,1467,138.9
2019,2019-08-19,,AW55,43.06992,-87.75322,55,35,,0.40,1.61,0.71,0.17,44.8,6.68,,,47.0,1455,144.9
2019,2019-08-19,,AW55,43.06992,-87.75322,55,40,,0.79,1.94,0.53,,37.9,3.98,,,39.7,1453,141.2
2019,2019-08-19,,AW55,43.06992,-87.75322,55,50,,0.40,1.81,0.43,0.10,21.2,4.34,,,36.4,1875,145.8
2019,2019-08-19,,AW55,43.06992,-87.75322,55,54,,0.43,1.62,0.36,0.08,23.3,3.03,,,34.7,1502,143.4
2019,2019-08-19,,AW55,43.06992,-87.75322,55,55,,0.38,1.69,0.50,0.14,56.4,5.89,,,37.0,1636,138.2
2019,2019-08-27,,AW25,43.09932,-87.8397,25,2,,0.30,1.96,,1.94,142.9,16.35,,,58.8,2001,169.1
2019,2019-08-27,,AW25,43.09932,-87.8397,25,10,,0.17,2.07,2.53,2.38,34.7,5.12,,,54.8,1923,164.2
2019,2019-08-27,,AW25,43.09932,-87.8397,25,15,,0.17,1.94,1.95,1.19,140.9,19.95,,,44.4,2154,162.8
2019,2019-08-27,,AW25,43.09932,-87.8397,25,20,,0.31,2.00,1.02,0.53,63.6,8.27,,,63.3,2212,150.8
2019,2019-08-27,,AW25,43.09932,-87.8397,25,25,,0.05,2.05,0.44,0.26,68.1,7.51,,,58.4,2081,150.6
2019,2019-08-27,,AW25,43.09932,-87.8397,25,25.5,,0.17,2.20,0.56,0.29,75.4,8.70,,,60.9,2068,150.2
2019,2019-09-11,,AW55,43.06992,-87.75322,55,2,,0.12,2.06,1.42,1.15,106.2,16.23,,,17.1,2216,164.9
2019,2019-09-11,,AW55,43.06992,-87.75322,55,10,,0.09,2.16,1.79,0.98,130.7,18.12,,,15.3,2163,
2019,2019-09-11,,AW55,43.06992,-87.75322,55,15,,0.26,2.26,2.31,0.86,117.5,19.01,,,20.5,2149,169.8
2019,2019-09-11,,AW55,43.06992,-87.75322,55,20,,0.17,2.44,2.22,0.79,120.8,21.52,,,31.1,2212,164.4
2019,2019-09-11,,AW55,43.06992,-87.75322,55,25,,0.41,3.42,1.15,0.36,51.9,6.66,,,44.9,2049,158.2
2019,2019-09-11,,AW55,43.06992,-87.75322,55,30,,0.31,2.21,2.38,0.42,56.3,6.37,,,39.0,2095,171.5
2019,2019-09-11,,AW55,43.06992,-87.75322,55,35,,0.44,2.61,0.81,0.24,39.3,4.97,,,51.2,2018,163.7
2019,2019-09-11,,AW55,43.06992,-87.75322,55,40,,0.31,1.86,0.81,0.24,45.2,5.79,,,53.7,2237,158.6
2019,2019-09-11,,AW55,43.06992,-87.75322,55,45,,0.27,2.11,0.82,0.22,37.3,5.52,,,56.5,2115,156.8
2019,2019-09-11,,AW55,43.06992,-87.75322,55,50,,0.60,3.08,0.66,0.14,35.4,5.25,,,51.6,2081,164.9
2019,2019-09-11,,AW55,43.06992,-87.75322,55,54,,0.78,3.32,0.37,0.08,26.7,2.30,,,55.9,2266,158.4
2019,2019-09-11,,AW55,43.06992,-87.75322,55,54.5,,0.46,3.06,0.60,0.13,37.6,3.50,,,53.2,2283,161.3
2019,2019-09-20,,AW25,43.09932,-87.8397,25,2,,0.10,1.91,1.62,1.12,146.7,19.53,,,,,178.2
2019,2019-09-20,,AW25,43.09932,-87.8397,25,10,,0.09,1.88,2.41,1.28,163.7,23.47,,,,,166.9
2019,2019-09-20,,AW25,43.09932,-87.8397,25,15,,0.26,2.03,2.26,1.35,114.1,15.24,,,,,164.0
2019,2019-09-20,,AW25,43.09932,-87.8397,25,20,,0.54,2.72,2.18,0.86,79.3,11.55,,,,,162.2
2019,2019-09-20,,AW25,43.09932,-87.8397,25,23.5,,0.36,2.92,1.64,0.65,85.4,11.97,,,,,164.3
2019,2019-09-20,,AW25,43.09932,-87.8397,25,24,,0.24,2.68,,0.89,73.4,7.62,,,,,163.5
2019,2019-09-23,,AW10,43.09522,-87.86447,10,2,,0.22,1.12,1.66,0.72,103.4,13.81,,,,,181.1
2019,2019-09-23,,AW10,43.09522,-87.86447,10,10,,0.92,2.73,1.06,0.50,63.6,5.33,,,,,168.3
2019,2019-10-14,,AW10,43.09522,-87.86447,10,2,,,,0.97,0.17,80.3,9.46,,,,,
2019,2019-10-14,,AW10,43.09522,-87.86447,10,10,,,,1.13,0.16,84.3,10.39,,,,,
2019,2019-11-04,,AW55,43.06992,-87.75322,55,2,,0.38,1.78,2.07,1.94,103.5,17.37,,,33.5,1907,141.4
2019,2019-11-04,,AW55,43.06992,-87.75322,55,10,,0.57,1.71,2.71,1.71,128.5,27.92,,,34.5,1948,144.7
2019,2019-11-04,,AW55,43.06992,-87.75322,55,15,,0.38,1.92,5.68,2.10,104.5,17.50,,,34.7,1876,142.2
2019,2019-11-04,,AW55,43.06992,-87.75322,55,20,,0.26,1.78,3.63,1.94,118.8,19.77,,,33.7,1790,138.6
2019,2019-11-04,,AW55,43.06992,-87.75322,55,25,,0.31,1.69,3.14,1.94,98.2,17.68,,,31.8,1791,141.5
2019,2019-11-04,,AW55,43.06992,-87.75322,55,30,,0.45,1.90,2.05,2.28,102.5,17.78,,,31.8,1712,140.8
2019,2019-11-04,,AW55,43.06992,-87.75322,55,35,,0.38,1.81,2.75,1.67,87.3,17.20,,,34.9,1778,139.2
2019,2019-11-04,,AW55,43.06992,-87.75322,55,40,,0.40,1.87,1.68,1.55,68.8,14.61,,,36.1,1777,140.7
2019,2019-11-04,,AW55,43.06992,-87.75322,55,50,,1.55,3.18,0.94,0.36,43.5,5.07,,,40.1,1890,139.5
2019,2019-11-04,,AW55,43.06992,-87.75322,55,54.5,,1.81,3.18,1.21,0.34,102.8,13.37,,,40.0,1940,147.9
2020,2020-07-10,,AW10,43.09522,-87.86447,10,1,,,,,0.96,,,,,,,
2020,2020-07-10,,AW10,43.09522,-87.86447,10,10,,,,,0.32,,,,,,,
