"study","model","n","censor_target","beta_RMSE","beta_abs_bias","Sigma_RMSE","nu_RMSE","eta_RMSE","nu_abs_bias","eta_abs_bias","entropy","cpu_time","converged"
"Study1_recovery","MCNFAC",300,0,0.140958788717949,0.100944221358974,0.111058273141026,0.0405725396538462,1.12268111773077,0.0364589841153846,1.00791474760256,0.0273657968461538,453.145384615385,0.975
"Study1_recovery","MCNFAC",300,0.1,0.137460371474359,0.099393795025641,0.121206711102564,0.0498590162435897,1.36157826396154,0.0447215379230769,1.19108242565385,0.0274269388076923,714.823205128205,0.975
"Study1_recovery","MCNFAC",300,0.2,0.1446388022875,0.10442444,0.1251133904875,0.0532585276,1.61264224,0.0481451311375,1.45733704975,0.0278886301,878.10475,1
"Study1_recovery","MCNFAC",300,0.3,0.169524553153846,0.120258817782051,0.141925537307692,0.0634709911666667,2.09404682314103,0.0557813217692308,1.89916606329487,0.0287592520384615,1529.40923076923,0.975
"Study1_recovery","MCNFAC",500,0,0.105066428846154,0.0774770406282051,0.0898121828205128,0.0320769032435897,0.945570862141026,0.0285352239615385,0.841865002730769,0.0288239352564103,975.938974358974,0.975
"Study1_recovery","MCNFAC",500,0.1,0.1037557192125,0.076320205325,0.09008199265,0.0383411689625,1.110471222975,0.0342011776625,0.9932058574875,0.0287815091625,1287.494,1
"Study1_recovery","MCNFAC",500,0.2,0.10713188545,0.0791410221125,0.101624568175,0.0437554017625,1.1979618176125,0.039426700725,1.0933992405625,0.0294086709625,1685.5585,1
"Study1_recovery","MCNFAC",500,0.3,0.117151289975,0.0861261879375,0.1032703175875,0.047944099625,1.38894465045,0.04214146795,1.24102877155,0.030964921875,2138.738375,1
"Study1_recovery","MCNFAC",1000,0,0.0734989646,0.0531313385625,0.0699026062625,0.0210963013875,0.6263383826125,0.0191098732875,0.572092705575,0.0291643678625,1704.15975,1
"Study1_recovery","MCNFAC",1000,0.1,0.0741839358875,0.0540062348,0.0714887106875,0.024418268175,0.7179005158,0.0222550907625,0.64487490125,0.02949205465,2548.635125,1
"Study1_recovery","MCNFAC",1000,0.2,0.074702912975,0.054579591725,0.075475645475,0.0255329629375,0.7814532818,0.0231298832375,0.6918211641125,0.0305117341875,3040.197375,1
"Study1_recovery","MCNFAC",1000,0.3,0.079307607925,0.0570234521875,0.077353127975,0.0277022801875,0.8913066833125,0.0250691455875,0.799392377375,0.0321320074,4086.496125,1
"Study1_recovery","MFAC",300,0,0.169963731506329,0.121711204860759,0.784279035696202,NA,NA,NA,NA,0.0286482441898734,319.063797468354,0.9875
"Study1_recovery","MFAC",300,0.1,0.1667712783625,0.11996157295,0.747699997825,NA,NA,NA,NA,0.0279574484125,430.1585,1
"Study1_recovery","MFAC",300,0.2,0.1706090028375,0.1228988477625,0.7498360591125,NA,NA,NA,NA,0.0286087168625,566.322,1
"Study1_recovery","MFAC",300,0.3,0.193023504592105,0.137644473921053,0.772348674578947,NA,NA,NA,NA,0.0300685992236842,1231.08657894737,0.95
"Study1_recovery","MFAC",500,0,0.1198242360875,0.087839908025,0.7884355784,NA,NA,NA,NA,0.0304078382375,559.474375,1
"Study1_recovery","MFAC",500,0.1,0.1173915961875,0.0856702668375,0.7629453210125,NA,NA,NA,NA,0.0299628945625,870.406625,1
"Study1_recovery","MFAC",500,0.2,0.1241841317125,0.0902753762875,0.7482268818875,NA,NA,NA,NA,0.030675434325,1165.943125,1
"Study1_recovery","MFAC",500,0.3,0.1395997427125,0.0991480965,0.776390464,NA,NA,NA,NA,0.031987903075,1781.7675,1
"Study1_recovery","MFAC",1000,0,0.0909403282,0.065676182975,0.7770480551,NA,NA,NA,NA,0.031170613875,1055.421625,1
"Study1_recovery","MFAC",1000,0.1,0.0916170215375,0.0658754914875,0.7748782685125,NA,NA,NA,NA,0.03105936975,1487.694,1
"Study1_recovery","MFAC",1000,0.2,0.09250337165,0.0667737421375,0.7888485917625,NA,NA,NA,NA,0.0319786523625,1775.353375,1
"Study1_recovery","MFAC",1000,0.3,0.100813932875,0.07096440005,0.79127536405,NA,NA,NA,NA,0.03323040735,4183.313875,1
