"study","model","n","censor_target","ARI","misclass","CCR","cpu_time"
"Study1_recovery","MCNFAC",300,0,0.943872897474359,0.0142307692307692,0.985769230769231,453.145384615385
"Study1_recovery","MCNFAC",300,0.1,0.944561767769231,0.0140598290512821,0.985940170948718,714.823205128205
"Study1_recovery","MCNFAC",300,0.2,0.9441405261375,0.0141666667375,0.9858333332625,878.10475
"Study1_recovery","MCNFAC",300,0.3,0.92722269274359,0.0195299144871795,0.980470085512821,1529.40923076923
"Study1_recovery","MCNFAC",500,0,0.947555439320513,0.0132820512820513,0.986717948717949,975.938974358974
"Study1_recovery","MCNFAC",500,0.1,0.94766370165,0.01325,0.98675,1287.494
"Study1_recovery","MCNFAC",500,0.2,0.944836098975,0.013975,0.986025,1685.5585
"Study1_recovery","MCNFAC",500,0.3,0.9413635590625,0.014875,0.985125,2138.738375
"Study1_recovery","MCNFAC",1000,0,0.947498552775,0.0133,0.9867,1704.15975
"Study1_recovery","MCNFAC",1000,0.1,0.9477460005125,0.0132375,0.9867625,2548.635125
"Study1_recovery","MCNFAC",1000,0.2,0.9449756155875,0.01395,0.98605,3040.197375
"Study1_recovery","MCNFAC",1000,0.3,0.9416868648625,0.0148,0.9852,4086.496125
"Study1_recovery","MFAC",300,0,0.937366830113924,0.0159071729746835,0.984092827025316,319.063797468354
"Study1_recovery","MFAC",300,0.1,0.9402467600375,0.0151666667,0.9848333333,430.1585
"Study1_recovery","MFAC",300,0.2,0.938308915525,0.0156666666625,0.9843333333375,566.322
"Study1_recovery","MFAC",300,0.3,0.930524584552632,0.0176754385657895,0.982324561434211,1231.08657894737
"Study1_recovery","MFAC",500,0,0.940892597625,0.015,0.985,559.474375
"Study1_recovery","MFAC",500,0.1,0.942829276525,0.0145,0.9855,870.406625
"Study1_recovery","MFAC",500,0.2,0.9397165484375,0.0153,0.9847,1165.943125
"Study1_recovery","MFAC",500,0.3,0.936733319575,0.016075,0.983925,1781.7675
"Study1_recovery","MFAC",1000,0,0.9427281897625,0.014525,0.985475,1055.421625
"Study1_recovery","MFAC",1000,0.1,0.9419977227,0.0147125,0.9852875,1487.694
"Study1_recovery","MFAC",1000,0.2,0.9398161331,0.015275,0.984725,1775.353375
"Study1_recovery","MFAC",1000,0.3,0.9362355171625,0.0162,0.9838,4183.313875
