n,Censoring (%),Model,RMSE_beta,ABias_beta,RMSE_Sigma,RMSE_nu,RMSE_eta,ARI,MCR,Conv,CPU (s)
300,0,MFAC,0.1700,0.1217,0.7843,-,-,0.9374,0.0159,0.9875,319.1
300,0,MCNFAC,0.1410,0.1009,0.1111,0.0406,1.1227,0.9439,0.0142,0.9750,453.1
300,10,MFAC,0.1668,0.1200,0.7477,-,-,0.9402,0.0152,1.0000,430.2
300,10,MCNFAC,0.1375,0.0994,0.1212,0.0499,1.3616,0.9446,0.0141,0.9750,714.8
300,20,MFAC,0.1706,0.1229,0.7498,-,-,0.9383,0.0157,1.0000,566.3
300,20,MCNFAC,0.1446,0.1044,0.1251,0.0533,1.6126,0.9441,0.0142,1.0000,878.1
300,30,MFAC,0.1930,0.1376,0.7723,-,-,0.9305,0.0177,0.9500,1231.1
300,30,MCNFAC,0.1695,0.1203,0.1419,0.0635,2.0940,0.9272,0.0195,0.9750,1529.4
500,0,MFAC,0.1198,0.0878,0.7884,-,-,0.9409,0.0150,1.0000,559.5
500,0,MCNFAC,0.1051,0.0775,0.0898,0.0321,0.9456,0.9476,0.0133,0.9750,975.9
500,10,MFAC,0.1174,0.0857,0.7629,-,-,0.9428,0.0145,1.0000,870.4
500,10,MCNFAC,0.1038,0.0763,0.0901,0.0383,1.1105,0.9477,0.0132,1.0000,1287.5
500,20,MFAC,0.1242,0.0903,0.7482,-,-,0.9397,0.0153,1.0000,1165.9
500,20,MCNFAC,0.1071,0.0791,0.1016,0.0438,1.1980,0.9448,0.0140,1.0000,1685.6
500,30,MFAC,0.1396,0.0991,0.7764,-,-,0.9367,0.0161,1.0000,1781.8
500,30,MCNFAC,0.1172,0.0861,0.1033,0.0479,1.3889,0.9414,0.0149,1.0000,2138.7
1000,0,MFAC,0.0909,0.0657,0.7770,-,-,0.9427,0.0145,1.0000,1055.4
1000,0,MCNFAC,0.0735,0.0531,0.0699,0.0211,0.6263,0.9475,0.0133,1.0000,1704.2
1000,10,MFAC,0.0916,0.0659,0.7749,-,-,0.9420,0.0147,1.0000,1487.7
1000,10,MCNFAC,0.0742,0.0540,0.0715,0.0244,0.7179,0.9477,0.0132,1.0000,2548.6
1000,20,MFAC,0.0925,0.0668,0.7888,-,-,0.9398,0.0153,1.0000,1775.4
1000,20,MCNFAC,0.0747,0.0546,0.0755,0.0255,0.7815,0.9450,0.0140,1.0000,3040.2
1000,30,MFAC,0.1008,0.0710,0.7913,-,-,0.9362,0.0162,1.0000,4183.3
1000,30,MCNFAC,0.0793,0.0570,0.0774,0.0277,0.8913,0.9417,0.0148,1.0000,4086.5
